"Group.1","control","dry","none_Fd","none_Fs","none_Fv","watered","Kingdom","Phylum","Class","Order","Family","Genus"
71,NA,1,NA,1,NA,NA,"Bacteria","Bacteroidetes","Flavobacteriia","Flavobacteriales","Flavobacteriaceae","Cellulophaga"
88,1,1,1,1,1,1,"Bacteria","Proteobacteria","Gammaproteobacteria","Chromatiales","Granulosicoccaceae","Granulosicoccus"
171,1,NA,NA,1,1,NA,"Bacteria","Proteobacteria","Gammaproteobacteria","Chromatiales","Granulosicoccaceae","Granulosicoccus"
253,NA,NA,NA,NA,1,NA,"Bacteria","Planctomycetes","Planctomycetacia","Planctomycetales","Planctomycetaceae","Blastopirellula"
274,NA,NA,1,1,1,NA,"Bacteria","Planctomycetes","Planctomycetacia","Planctomycetales","Planctomycetaceae","Blastopirellula"
280,1,1,1,1,1,1,"Bacteria","Proteobacteria","Gammaproteobacteria","Chromatiales","Granulosicoccaceae","Granulosicoccus"
283,1,1,1,1,1,1,"Bacteria","Proteobacteria","Gammaproteobacteria","Chromatiales","Granulosicoccaceae","Granulosicoccus"
285,1,NA,1,1,1,NA,"Bacteria","Proteobacteria","Gammaproteobacteria","Chromatiales","Granulosicoccaceae","Granulosicoccus"
294,1,NA,1,NA,1,NA,"Bacteria","Proteobacteria","Gammaproteobacteria","Chromatiales","Granulosicoccaceae","Granulosicoccus"
300,NA,NA,1,NA,NA,NA,"Bacteria","Proteobacteria","Gammaproteobacteria","Chromatiales","Granulosicoccaceae","Granulosicoccus"
307,NA,NA,1,NA,NA,NA,"Bacteria","Proteobacteria","Gammaproteobacteria","Chromatiales","Granulosicoccaceae","Granulosicoccus"
308,NA,NA,1,NA,NA,NA,"Bacteria","Proteobacteria","Gammaproteobacteria","Chromatiales","Granulosicoccaceae","Granulosicoccus"
314,NA,NA,NA,NA,1,NA,"Bacteria","Proteobacteria","Gammaproteobacteria","Chromatiales","Granulosicoccaceae","Granulosicoccus"
320,NA,NA,NA,1,NA,1,"Bacteria","Proteobacteria","Gammaproteobacteria","Chromatiales","Granulosicoccaceae","Granulosicoccus"
323,1,1,1,1,1,1,"Bacteria","Proteobacteria","Gammaproteobacteria","Chromatiales","Granulosicoccaceae","Granulosicoccus"
324,NA,NA,NA,1,NA,NA,"Bacteria","Proteobacteria","Gammaproteobacteria","Chromatiales","Granulosicoccaceae","Granulosicoccus"
403,NA,1,NA,NA,NA,1,"Bacteria","Proteobacteria","Gammaproteobacteria","Alteromonadales","Pseudoalteromonadaceae","Pseudoalteromonas"
530,1,1,1,1,1,1,"Bacteria","Planctomycetes","Planctomycetacia","Planctomycetales","Planctomycetaceae","Blastopirellula"
547,NA,NA,NA,NA,1,NA,"Bacteria","Planctomycetes","Planctomycetacia","Planctomycetales","Planctomycetaceae","Blastopirellula"
623,1,1,1,1,1,1,"Bacteria","Planctomycetes","Planctomycetacia","Planctomycetales","Planctomycetaceae","Blastopirellula"
628,1,1,1,1,1,1,"Bacteria","Planctomycetes","Planctomycetacia","Planctomycetales","Planctomycetaceae","Blastopirellula"
637,NA,NA,1,NA,1,NA,"Bacteria","Planctomycetes","Planctomycetacia","Planctomycetales","Planctomycetaceae","Blastopirellula"
649,1,NA,1,NA,1,NA,"Bacteria","Planctomycetes","Planctomycetacia","Planctomycetales","Planctomycetaceae","Blastopirellula"
670,NA,NA,1,NA,NA,NA,"Bacteria","Verrucomicrobia","Verrucomicrobiae","Verrucomicrobiales","DEV007","DEV007_ge"
786,1,NA,1,NA,1,NA,"Bacteria","Proteobacteria","Gammaproteobacteria","Chromatiales","Granulosicoccaceae","Granulosicoccus"
787,NA,NA,1,NA,NA,NA,"Bacteria","Proteobacteria","Gammaproteobacteria","Chromatiales","Granulosicoccaceae","Granulosicoccus"
795,NA,NA,NA,NA,1,NA,"Bacteria","Proteobacteria","Gammaproteobacteria","Chromatiales","Granulosicoccaceae","Granulosicoccus"
802,NA,NA,NA,NA,1,NA,"Bacteria","Proteobacteria","Gammaproteobacteria","Chromatiales","Granulosicoccaceae","Granulosicoccus"
826,1,NA,NA,1,1,1,"Bacteria","Planctomycetes","Phycisphaerae","Phycisphaerales","Phycisphaeraceae","Phycisphaera"
883,NA,NA,1,NA,NA,NA,"Bacteria","Proteobacteria","Betaproteobacteria","Burkholderiales","Burkholderiaceae","Ralstonia"
1358,NA,NA,NA,1,NA,NA,"Bacteria","Actinobacteria","Acidimicrobiia","Acidimicrobiales","Acidimicrobiaceae","Ilumatobacter"
1385,NA,NA,NA,1,NA,NA,"Bacteria","Bacteroidetes","Flavobacteriia","Flavobacteriales","Flavobacteriaceae","Pricia"
1435,1,NA,1,NA,1,NA,"Bacteria","Verrucomicrobia","Verrucomicrobiae","Verrucomicrobiales","Rubritaleaceae","Rubritalea"
1478,1,NA,NA,1,1,NA,"Bacteria","Proteobacteria","Deltaproteobacteria","Myxococcales","Sandaracinaceae","Sandaracinaceae_ge"
1534,1,NA,1,1,1,1,"Bacteria","Actinobacteria","Acidimicrobiia","Acidimicrobiales","Sva0996_marine_group","Sva0996_marine_group_ge"
1668,NA,NA,NA,NA,1,NA,"Bacteria","Planctomycetes","Planctomycetacia","Planctomycetales","Planctomycetaceae","Blastopirellula"
1679,1,NA,1,1,1,1,"Bacteria","Actinobacteria","Acidimicrobiia","Acidimicrobiales","Acidimicrobiales_fa","Acidimicrobiales_ge"
1704,1,NA,NA,NA,1,NA,"Bacteria","Planctomycetes","Planctomycetacia","Planctomycetales","Planctomycetaceae","Blastopirellula"
1730,1,NA,NA,NA,1,NA,"Bacteria","Proteobacteria","Gammaproteobacteria","Chromatiales","Granulosicoccaceae","Granulosicoccus"
1738,NA,NA,NA,1,NA,NA,"Bacteria","Bacteroidetes","Flavobacteriia","Flavobacteriales","Flavobacteriaceae","Pricia"
1826,NA,NA,NA,1,NA,NA,"Bacteria","Bacteroidetes","Flavobacteriia","Flavobacteriales","Schleiferiaceae","Schleiferia"
1828,NA,NA,NA,1,NA,NA,"Bacteria","Bacteroidetes","Flavobacteriia","Flavobacteriales","Flavobacteriaceae","Pibocella"
1871,1,1,1,1,1,1,"Bacteria","Planctomycetes","Planctomycetacia","Planctomycetales","Planctomycetaceae","Rhodopirellula"
1901,NA,NA,1,NA,NA,NA,"Bacteria","Planctomycetes","Planctomycetacia","Planctomycetales","Planctomycetaceae","Blastopirellula"
1927,1,NA,NA,1,NA,NA,"Bacteria","Bacteroidetes","Flavobacteriia","Flavobacteriales","Flavobacteriaceae","Aquimarina"
2023,1,NA,1,1,1,1,"Bacteria","Proteobacteria","Gammaproteobacteria","Chromatiales","Granulosicoccaceae","Granulosicoccus"
2054,1,NA,1,1,1,1,"Bacteria","Proteobacteria","Gammaproteobacteria","Chromatiales","Granulosicoccaceae","Granulosicoccus"
2143,1,NA,NA,NA,NA,NA,"Bacteria","Proteobacteria","Alphaproteobacteria","Rhodobacterales","Rhodobacteraceae","Octadecabacter"
2144,1,NA,NA,NA,1,1,"Bacteria","Proteobacteria","Alphaproteobacteria","Rhodobacterales","Rhodobacteraceae","Octadecabacter"
2262,NA,NA,NA,NA,1,NA,"Bacteria","Proteobacteria","Gammaproteobacteria","Chromatiales","Granulosicoccaceae","Granulosicoccus"
2294,1,NA,1,NA,1,NA,"Bacteria","Proteobacteria","Alphaproteobacteria","Parvularculales","Parvularculaceae","Parvularculaceae_ge"
2528,NA,NA,NA,1,NA,1,"Bacteria","Proteobacteria","Betaproteobacteria","Burkholderiales","Burkholderiaceae","Burkholderia-Paraburkholderia"
2568,NA,NA,NA,1,NA,NA,"Bacteria","Bacteroidetes","Flavobacteriia","Flavobacteriales","Schleiferiaceae","Schleiferia"
2572,NA,NA,NA,1,NA,NA,"Bacteria","Bacteroidetes","Flavobacteriia","Flavobacteriales","Schleiferiaceae","Schleiferia"
2574,1,NA,1,1,1,NA,"Bacteria","Planctomycetes","Planctomycetacia","Planctomycetales","Planctomycetaceae","Blastopirellula"
2589,NA,NA,NA,1,NA,1,"Bacteria","Proteobacteria","Betaproteobacteria","Burkholderiales","Burkholderiaceae","Burkholderia-Paraburkholderia"
2792,1,NA,1,NA,1,NA,"Bacteria","Bacteroidetes","Sphingobacteriia","Sphingobacteriales","Saprospiraceae","Saprospiraceae_ge"
2832,NA,1,NA,NA,NA,1,"Bacteria","Proteobacteria","Gammaproteobacteria","Alteromonadales","Alteromonadaceae","Glaciecola"
2837,1,NA,1,NA,1,NA,"Bacteria","Bacteroidetes","Sphingobacteriia","Sphingobacteriales","Saprospiraceae","Saprospiraceae_ge"
2930,1,NA,1,NA,NA,NA,"Bacteria","Bacteroidetes","Sphingobacteriia","Sphingobacteriales","Saprospiraceae","Portibacter"
2988,1,1,1,1,1,1,"Bacteria","Bacteroidetes","Sphingobacteriia","Sphingobacteriales","Saprospiraceae","Saprospiraceae_ge"
2991,1,NA,NA,NA,1,NA,"Bacteria","Bacteroidetes","Sphingobacteriia","Sphingobacteriales","Saprospiraceae","Saprospiraceae_ge"
3019,NA,NA,NA,NA,1,NA,"Bacteria","Bacteroidetes","Sphingobacteriia","Sphingobacteriales","Saprospiraceae","Saprospiraceae_ge"
3093,1,NA,NA,NA,1,NA,"Bacteria","Bacteroidetes","Sphingobacteriia","Sphingobacteriales","Saprospiraceae","Saprospiraceae_ge"
3095,1,NA,1,1,1,1,"Bacteria","Bacteroidetes","Sphingobacteriia","Sphingobacteriales","Saprospiraceae","Saprospiraceae_ge"
3186,1,NA,1,1,1,NA,"Bacteria","Bacteroidetes","Sphingobacteriia","Sphingobacteriales","Saprospiraceae","Lewinella"
3236,NA,NA,NA,1,NA,NA,"Bacteria","Proteobacteria","Alphaproteobacteria","Rhizobiales","Phyllobacteriaceae","Pseudahrensia"
3250,NA,NA,NA,1,NA,NA,"Bacteria","Proteobacteria","Gammaproteobacteria","Chromatiales","Granulosicoccaceae","Granulosicoccus"
3254,NA,NA,NA,1,NA,NA,"Bacteria","Proteobacteria","Gammaproteobacteria","Chromatiales","Granulosicoccaceae","Granulosicoccus"
3255,1,NA,1,1,1,1,"Bacteria","Proteobacteria","Gammaproteobacteria","Chromatiales","Granulosicoccaceae","Granulosicoccus"
3260,1,1,1,1,1,1,"Bacteria","Proteobacteria","Gammaproteobacteria","Chromatiales","Granulosicoccaceae","Granulosicoccus"
3263,1,1,1,1,1,1,"Bacteria","Proteobacteria","Gammaproteobacteria","Chromatiales","Granulosicoccaceae","Granulosicoccus"
3264,1,NA,NA,NA,NA,NA,"Bacteria","Proteobacteria","Gammaproteobacteria","Chromatiales","Granulosicoccaceae","Granulosicoccus"
3265,1,1,1,1,1,1,"Bacteria","Proteobacteria","Gammaproteobacteria","Chromatiales","Granulosicoccaceae","Granulosicoccus"
3266,1,1,1,1,1,1,"Bacteria","Proteobacteria","Gammaproteobacteria","Chromatiales","Granulosicoccaceae","Granulosicoccus"
3267,1,NA,1,1,1,1,"Bacteria","Proteobacteria","Gammaproteobacteria","Chromatiales","Granulosicoccaceae","Granulosicoccus"
3269,1,NA,1,1,1,NA,"Bacteria","Proteobacteria","Gammaproteobacteria","Chromatiales","Granulosicoccaceae","Granulosicoccus"
3272,NA,NA,NA,NA,1,NA,"Bacteria","Proteobacteria","Gammaproteobacteria","Chromatiales","Granulosicoccaceae","Granulosicoccus"
3287,1,NA,1,1,1,NA,"Bacteria","Proteobacteria","Gammaproteobacteria","Chromatiales","Granulosicoccaceae","Granulosicoccus"
3309,1,NA,NA,NA,NA,NA,"Bacteria","Proteobacteria","Gammaproteobacteria","Chromatiales","Granulosicoccaceae","Granulosicoccus"
3316,1,1,1,1,1,1,"Bacteria","Proteobacteria","Gammaproteobacteria","Chromatiales","Granulosicoccaceae","Granulosicoccus"
3317,1,NA,NA,NA,NA,1,"Bacteria","Proteobacteria","Gammaproteobacteria","Chromatiales","Granulosicoccaceae","Granulosicoccus"
3318,NA,NA,NA,1,NA,NA,"Bacteria","Proteobacteria","Gammaproteobacteria","Chromatiales","Granulosicoccaceae","Granulosicoccus"
3330,1,NA,1,1,1,NA,"Bacteria","Proteobacteria","Gammaproteobacteria","Chromatiales","Granulosicoccaceae","Granulosicoccus"
3355,NA,NA,1,NA,NA,NA,"Bacteria","Proteobacteria","Gammaproteobacteria","Gammaproteobacteria_or","Gammaproteobacteria_or_fa","Gammaproteobacteria_ge"
3356,1,NA,1,NA,1,NA,"Bacteria","Proteobacteria","Gammaproteobacteria","Chromatiales","Granulosicoccaceae","Granulosicoccus"
3357,NA,NA,NA,1,1,NA,"Bacteria","Proteobacteria","Gammaproteobacteria","Chromatiales","Granulosicoccaceae","Granulosicoccus"
3362,NA,NA,NA,1,NA,NA,"Bacteria","Proteobacteria","Gammaproteobacteria","Chromatiales","Granulosicoccaceae","Granulosicoccus"
3381,NA,NA,1,NA,NA,NA,"Bacteria","Proteobacteria","Gammaproteobacteria","Chromatiales","Thioalkalispiraceae","Thiohalophilus"
3391,1,NA,NA,NA,1,NA,"Bacteria","Proteobacteria","Gammaproteobacteria","Chromatiales","Granulosicoccaceae","Granulosicoccus"
3392,1,NA,1,1,1,1,"Bacteria","Proteobacteria","Gammaproteobacteria","Chromatiales","Granulosicoccaceae","Granulosicoccus"
3402,NA,NA,NA,1,NA,NA,"Bacteria","Proteobacteria","Gammaproteobacteria","Chromatiales","Granulosicoccaceae","Granulosicoccus"
3471,NA,1,NA,NA,NA,NA,"Bacteria","Proteobacteria","Gammaproteobacteria","Alteromonadales","Pseudoalteromonadaceae","Pseudoalteromonas"
3586,1,1,1,1,1,1,"Bacteria","Planctomycetes","Planctomycetacia","Planctomycetales","Planctomycetaceae","Blastopirellula"
3588,1,1,1,1,1,1,"Bacteria","Planctomycetes","Planctomycetacia","Planctomycetales","Planctomycetaceae","Blastopirellula"
3589,1,NA,1,NA,1,NA,"Bacteria","Planctomycetes","Planctomycetacia","Planctomycetales","Planctomycetaceae","Blastopirellula"
3624,NA,NA,NA,1,NA,NA,"Bacteria","Bacteroidetes","Flavobacteriia","Flavobacteriales","Flavobacteriaceae","Flavobacteriaceae_ge"
3649,NA,NA,1,NA,NA,NA,"Bacteria","Planctomycetes","Planctomycetacia","Planctomycetales","Planctomycetaceae","Blastopirellula"
3672,1,NA,NA,NA,NA,NA,"Bacteria","Bacteroidetes","Flavobacteriia","Flavobacteriales","Flavobacteriaceae","Dokdonia"
3693,1,1,1,1,1,1,"Bacteria","Planctomycetes","Planctomycetacia","Planctomycetales","Planctomycetaceae","Blastopirellula"
3694,1,NA,1,NA,1,NA,"Bacteria","Planctomycetes","Planctomycetacia","Planctomycetales","Planctomycetaceae","Blastopirellula"
3727,NA,NA,NA,1,NA,NA,"Bacteria","Bacteroidetes","Flavobacteriia","Flavobacteriales","Flavobacteriaceae","Flavobacteriaceae_ge"
3751,NA,NA,NA,1,NA,NA,"Bacteria","Bacteroidetes","Flavobacteriia","Flavobacteriales","NS9_marine_group","NS9_marine_group_ge"
3781,NA,NA,NA,1,NA,NA,"Bacteria","Bacteroidetes","Flavobacteriia","Flavobacteriales","Flavobacteriaceae","Algitalea"
3816,NA,NA,NA,1,NA,NA,"Bacteria","Bacteroidetes","Flavobacteriia","Flavobacteriales","Flavobacteriaceae","Ulvibacter"
3828,NA,NA,1,NA,NA,NA,"Bacteria","Planctomycetes","Planctomycetacia","Planctomycetales","Planctomycetaceae","Blastopirellula"
3861,NA,NA,NA,1,NA,NA,"Bacteria","Bacteroidetes","Flavobacteriia","Flavobacteriales","Flavobacteriaceae","Nonlabens"
3897,1,NA,1,1,NA,NA,"Bacteria","Planctomycetes","Planctomycetacia","Planctomycetales","Planctomycetaceae","Blastopirellula"
3980,1,NA,NA,NA,1,NA,"Bacteria","Proteobacteria","Gammaproteobacteria","KI89A_clade","KI89A_clade_fa","KI89A_clade_ge"
3981,1,NA,NA,NA,1,NA,"Bacteria","Proteobacteria","Gammaproteobacteria","KI89A_clade","KI89A_clade_fa","KI89A_clade_ge"
4108,NA,NA,NA,1,NA,NA,"Bacteria","Bacteroidetes","Flavobacteriia","Flavobacteriales","Flavobacteriaceae","Dokdonia"
4116,NA,NA,NA,1,NA,NA,"Bacteria","Bacteroidetes","Flavobacteriia","Flavobacteriales","Flavobacteriaceae","Dokdonia"
4211,1,1,1,1,1,1,"Bacteria","Proteobacteria","Gammaproteobacteria","Chromatiales","Granulosicoccaceae","Granulosicoccus"
4213,1,NA,1,1,1,NA,"Bacteria","Proteobacteria","Gammaproteobacteria","Chromatiales","Granulosicoccaceae","Granulosicoccus"
4215,NA,NA,NA,NA,1,NA,"Bacteria","Proteobacteria","Gammaproteobacteria","Chromatiales","Granulosicoccaceae","Granulosicoccus"
4219,NA,NA,NA,NA,1,NA,"Bacteria","Proteobacteria","Gammaproteobacteria","Chromatiales","Granulosicoccaceae","Granulosicoccus"
4230,NA,NA,NA,NA,1,NA,"Bacteria","Proteobacteria","Gammaproteobacteria","Chromatiales","Granulosicoccaceae","Granulosicoccus"
4418,1,NA,NA,1,1,NA,"Bacteria","Proteobacteria","Gammaproteobacteria","Chromatiales","Granulosicoccaceae","Granulosicoccus"
4834,NA,NA,NA,1,NA,NA,"Bacteria","Actinobacteria","Actinobacteria","Micrococcales","Dermacoccaceae","Kytococcus"
4929,1,NA,NA,NA,1,NA,"Bacteria","Verrucomicrobia","Verrucomicrobiae","Verrucomicrobiales","Rubritaleaceae","Rubritalea"
4932,1,NA,1,NA,1,NA,"Bacteria","Verrucomicrobia","Verrucomicrobiae","Verrucomicrobiales","Rubritaleaceae","Rubritalea"
4962,1,NA,NA,NA,1,NA,"Bacteria","Verrucomicrobia","Verrucomicrobiae","Verrucomicrobiales","Verrucomicrobiaceae","Roseibacillus"
5165,NA,NA,1,NA,NA,NA,"Bacteria","Verrucomicrobia","Verrucomicrobiae","Verrucomicrobiales","Rubritaleaceae","Rubritalea"
5327,1,1,1,1,1,1,"Bacteria","Bacteroidetes","Flavobacteriia","Flavobacteriales","Flavobacteriaceae","Maribacter"
5328,NA,NA,NA,1,1,NA,"Bacteria","Bacteroidetes","Flavobacteriia","Flavobacteriales","Flavobacteriaceae","Maribacter"
5373,NA,NA,NA,NA,NA,1,"Bacteria","Bacteroidetes","Flavobacteriia","Flavobacteriales","Flavobacteriaceae","Maribacter"
5397,NA,NA,NA,1,NA,NA,"Bacteria","Bacteroidetes","Flavobacteriia","Flavobacteriales","Flavobacteriaceae","Flavobacteriaceae_ge"
5408,1,NA,NA,NA,1,NA,"Bacteria","Bacteroidetes","Flavobacteriia","Flavobacteriales","Flavobacteriaceae","Maribacter"
5410,1,NA,NA,NA,NA,NA,"Bacteria","Bacteroidetes","Flavobacteriia","Flavobacteriales","Flavobacteriaceae","Maribacter"
5417,NA,NA,NA,1,1,NA,"Bacteria","Bacteroidetes","Flavobacteriia","Flavobacteriales","Flavobacteriaceae","Pricia"
5419,NA,NA,NA,1,NA,NA,"Bacteria","Bacteroidetes","Flavobacteriia","Flavobacteriales","Flavobacteriaceae","Pricia"
5420,NA,NA,NA,1,NA,NA,"Bacteria","Bacteroidetes","Flavobacteriia","Flavobacteriales","Flavobacteriaceae","Pricia"
5441,NA,NA,NA,1,NA,NA,"Bacteria","Bacteroidetes","Bacteroidetes_Incertae_Sedis","Order_II","Rhodothermaceae","Rubrivirga"
5454,NA,NA,NA,1,NA,NA,"Bacteria","Bacteroidetes","Flavobacteriia","Flavobacteriales","Flavobacteriaceae","Pricia"
5527,1,NA,1,NA,1,NA,"Bacteria","Verrucomicrobia","Verrucomicrobiae","Verrucomicrobiales","Rubritaleaceae","Rubritalea"
5541,NA,NA,1,NA,NA,NA,"Bacteria","Bacteroidetes","Sphingobacteriia","Sphingobacteriales","Saprospiraceae","Saprospiraceae_ge"
5723,1,NA,1,1,1,NA,"Bacteria","Proteobacteria","Alphaproteobacteria","Caulobacterales","Hyphomonadaceae","Litorimonas"
5725,1,1,1,1,1,1,"Bacteria","Proteobacteria","Alphaproteobacteria","Caulobacterales","Hyphomonadaceae","Litorimonas"
5726,1,NA,1,NA,1,NA,"Bacteria","Proteobacteria","Alphaproteobacteria","Caulobacterales","Hyphomonadaceae","Litorimonas"
5727,1,1,1,1,1,1,"Bacteria","Proteobacteria","Alphaproteobacteria","Caulobacterales","Hyphomonadaceae","Litorimonas"
5737,NA,NA,NA,NA,1,NA,"Bacteria","Proteobacteria","Alphaproteobacteria","Caulobacterales","Hyphomonadaceae","Litorimonas"
5755,NA,NA,1,NA,NA,NA,"Bacteria","Proteobacteria","Alphaproteobacteria","Caulobacterales","Hyphomonadaceae","Litorimonas"
5758,1,NA,NA,NA,1,NA,"Bacteria","Proteobacteria","Alphaproteobacteria","Caulobacterales","Hyphomonadaceae","Litorimonas"
5764,NA,NA,1,NA,NA,NA,"Bacteria","Bacteroidetes","Sphingobacteriia","Sphingobacteriales","Saprospiraceae","Saprospiraceae_ge"
5858,1,NA,1,NA,NA,NA,"Bacteria","Bacteroidetes","Sphingobacteriia","Sphingobacteriales","Saprospiraceae","Saprospiraceae_ge"
5866,NA,NA,NA,NA,1,NA,"Bacteria","Proteobacteria","Alphaproteobacteria","Alphaproteobacteria_Incertae_Sedis","Alphaproteobacteria_Incertae_Sedis_fa","Alphaproteobacteria_Incertae_Sedis_ge"
5876,NA,NA,NA,NA,1,NA,"Bacteria","Proteobacteria","Alphaproteobacteria","Caulobacterales","Hyphomonadaceae","Litorimonas"
5941,NA,NA,NA,1,NA,NA,"Bacteria","Bacteroidetes","Flavobacteriia","Flavobacteriales","Flavobacteriaceae","Zobellia"
5949,1,NA,1,NA,1,NA,"Bacteria","Bacteroidetes","Sphingobacteriia","Sphingobacteriales","Saprospiraceae","Saprospiraceae_ge"
5951,NA,NA,1,NA,NA,NA,"Bacteria","Bacteroidetes","Sphingobacteriia","Sphingobacteriales","Saprospiraceae","Saprospiraceae_ge"
5953,NA,NA,1,NA,NA,NA,"Bacteria","Bacteroidetes","Sphingobacteriia","Sphingobacteriales","Saprospiraceae","Saprospiraceae_ge"
5990,1,1,1,1,1,1,"Bacteria","Proteobacteria","Alphaproteobacteria","Caulobacterales","Hyphomonadaceae","Litorimonas"
6049,NA,NA,1,NA,NA,NA,"Bacteria","Bacteroidetes","Sphingobacteriia","Sphingobacteriales","Saprospiraceae","Saprospiraceae_ge"
6062,1,1,1,1,1,1,"Bacteria","Actinobacteria","Acidimicrobiia","Acidimicrobiales","Acidimicrobiaceae","Ilumatobacter"
6068,NA,NA,1,NA,NA,NA,"Bacteria","Actinobacteria","Acidimicrobiia","Acidimicrobiales","Sva0996_marine_group","Sva0996_marine_group_ge"
6086,1,NA,1,NA,NA,NA,"Bacteria","Actinobacteria","Acidimicrobiia","Acidimicrobiales","Sva0996_marine_group","Sva0996_marine_group_ge"
6095,NA,NA,1,NA,NA,NA,"Bacteria","Actinobacteria","Acidimicrobiia","Acidimicrobiales","Sva0996_marine_group","Sva0996_marine_group_ge"
6125,1,NA,1,1,1,NA,"Bacteria","Actinobacteria","Acidimicrobiia","Acidimicrobiales","Sva0996_marine_group","Sva0996_marine_group_ge"
6155,1,NA,NA,1,NA,NA,"Bacteria","Proteobacteria","Gammaproteobacteria","Chromatiales","Granulosicoccaceae","Granulosicoccus"
6203,NA,NA,NA,NA,NA,1,"Bacteria","Proteobacteria","Gammaproteobacteria","Oceanospirillales","Oceanospirillaceae","Marinomonas"
6239,NA,NA,NA,1,NA,NA,"Bacteria","Proteobacteria","Gammaproteobacteria","Cellvibrionales","Cellvibrionaceae","Candidatus_Endobugula"
6255,1,NA,1,1,NA,NA,"Bacteria","Proteobacteria","Deltaproteobacteria","Myxococcales","Haliangiaceae","Haliangium"
6256,NA,NA,1,NA,NA,NA,"Bacteria","Proteobacteria","Deltaproteobacteria","Myxococcales","Haliangiaceae","Haliangium"
6300,NA,NA,1,NA,NA,NA,"Bacteria","Proteobacteria","Gammaproteobacteria","Oceanospirillales","Oceanospirillaceae","Reinekea"
6305,NA,NA,NA,1,NA,NA,"Bacteria","Proteobacteria","Betaproteobacteria","Burkholderiales","Burkholderiaceae","Burkholderia-Paraburkholderia"
6390,NA,NA,NA,NA,NA,1,"Bacteria","Proteobacteria","Gammaproteobacteria","Oceanospirillales","Oceanospirillaceae","Marinomonas"
6547,NA,NA,1,NA,NA,NA,"Bacteria","Actinobacteria","Acidimicrobiia","Acidimicrobiales","Acidimicrobiales_fa","Acidimicrobiales_ge"
6762,NA,NA,1,NA,NA,NA,"Bacteria","Bacteroidetes","Flavobacteriia","Flavobacteriales","Flavobacteriaceae","Zobellia"
6763,NA,NA,NA,NA,NA,1,"Bacteria","Bacteroidetes","Flavobacteriia","Flavobacteriales","Flavobacteriaceae","Maribacter"
6764,NA,NA,NA,NA,1,NA,"Bacteria","Bacteroidetes","Flavobacteriia","Flavobacteriales","Flavobacteriaceae","Maribacter"
6784,NA,NA,1,NA,NA,NA,"Bacteria","Bacteroidetes","Flavobacteriia","Flavobacteriales","Flavobacteriaceae","Maribacter"
6822,1,NA,1,NA,NA,NA,"Bacteria","Planctomycetes","Planctomycetacia","Planctomycetales","Planctomycetaceae","Blastopirellula"
6891,NA,NA,NA,1,NA,NA,"Bacteria","Planctomycetes","Planctomycetacia","Planctomycetales","Planctomycetaceae","Rhodopirellula"
6920,1,NA,1,NA,NA,NA,"Bacteria","Planctomycetes","Planctomycetacia","Planctomycetales","Planctomycetaceae","Rhodopirellula"
6949,1,NA,NA,1,1,1,"Bacteria","Planctomycetes","Planctomycetacia","Planctomycetales","Planctomycetaceae","Rubripirellula"
7007,1,NA,1,1,NA,NA,"Bacteria","Bacteroidetes","Flavobacteriia","Flavobacteriales","Flavobacteriaceae","Aquimarina"
7058,1,NA,NA,NA,NA,NA,"Bacteria","Bacteroidetes","Flavobacteriia","Flavobacteriales","Flavobacteriaceae","Algitalea"
7076,1,NA,NA,NA,1,NA,"Bacteria","Bacteroidetes","Flavobacteriia","Flavobacteriales","Flavobacteriaceae","Aquimarina"
7091,1,NA,NA,NA,1,NA,"Bacteria","Proteobacteria","Gammaproteobacteria","Chromatiales","Granulosicoccaceae","Granulosicoccus"
7103,1,NA,1,NA,1,NA,"Bacteria","Proteobacteria","Gammaproteobacteria","Chromatiales","Granulosicoccaceae","Granulosicoccus"
7160,NA,NA,NA,NA,NA,1,"Bacteria","Proteobacteria","Alphaproteobacteria","Rhodobacterales","Rhodobacteraceae","Loktanella"
7162,1,NA,NA,NA,NA,NA,"Bacteria","Proteobacteria","Alphaproteobacteria","Rhodobacterales","Rhodobacteraceae","Loktanella"
7182,NA,NA,NA,1,NA,NA,"Bacteria","Proteobacteria","Deltaproteobacteria","Bdellovibrionales","Bacteriovoracaceae","Peredibacter"
7197,1,NA,1,1,1,NA,"Bacteria","Proteobacteria","Deltaproteobacteria","Bdellovibrionales","Bacteriovoracaceae","Peredibacter"
7214,NA,NA,1,NA,NA,NA,"Bacteria","Proteobacteria","Alphaproteobacteria","Rhodobacterales","Rhodobacteraceae","Rhodobacteraceae_ge"
7278,1,NA,NA,NA,NA,NA,"Bacteria","Proteobacteria","Alphaproteobacteria","Rhodobacterales","Rhodobacteraceae","Loktanella"
7332,NA,NA,NA,1,NA,NA,"Bacteria","Proteobacteria","Alphaproteobacteria","Rhodobacterales","Rhodobacteraceae","Octadecabacter"
7351,1,1,NA,1,1,1,"Bacteria","Proteobacteria","Alphaproteobacteria","Rhodobacterales","Rhodobacteraceae","Sulfitobacter"
7352,1,NA,1,NA,1,1,"Bacteria","Proteobacteria","Alphaproteobacteria","Rhodobacterales","Rhodobacteraceae","Sulfitobacter"
7463,1,1,1,1,1,1,"Bacteria","Proteobacteria","Alphaproteobacteria","Parvularculales","Parvularculaceae","Parvularculaceae_ge"
7464,1,1,1,1,1,1,"Bacteria","Proteobacteria","Alphaproteobacteria","Parvularculales","Parvularculaceae","Parvularculaceae_ge"
7471,NA,NA,1,NA,NA,NA,"Bacteria","Proteobacteria","Alphaproteobacteria","Parvularculales","Parvularculaceae","Parvularculaceae_ge"
7533,1,1,NA,NA,1,1,"Bacteria","Proteobacteria","Alphaproteobacteria","Parvularculales","Parvularculaceae","Parvularculaceae_ge"
7570,1,NA,NA,1,1,NA,"Bacteria","Proteobacteria","Alphaproteobacteria","Parvularculales","Parvularculaceae","Parvularculaceae_ge"
7633,1,NA,1,1,1,1,"Bacteria","Proteobacteria","Alphaproteobacteria","Parvularculales","Parvularculaceae","Parvularculaceae_ge"
7637,1,NA,NA,NA,1,NA,"Bacteria","Proteobacteria","Alphaproteobacteria","Parvularculales","Parvularculaceae","Parvularculaceae_ge"
7658,NA,NA,NA,1,NA,NA,"Bacteria","Proteobacteria","Alphaproteobacteria","Rhizobiales","Phyllobacteriaceae","Aminobacter"
7731,1,NA,NA,NA,NA,NA,"Bacteria","Proteobacteria","Alphaproteobacteria","Caulobacterales","Hyphomonadaceae","Litorimonas"
7844,NA,NA,1,NA,NA,NA,"Bacteria","Bacteroidetes","Flavobacteriia","Flavobacteriales","NS9_marine_group","NS9_marine_group_ge"
7845,NA,NA,NA,1,NA,NA,"Bacteria","Bacteroidetes","Flavobacteriia","Flavobacteriales","NS9_marine_group","NS9_marine_group_ge"
7861,NA,NA,NA,NA,1,NA,"Bacteria","Planctomycetes","Planctomycetacia","Planctomycetales","Planctomycetaceae","Blastopirellula"
7939,1,NA,1,NA,1,NA,"Bacteria","Proteobacteria","Gammaproteobacteria","Thiotrichales","Thiotrichaceae","Leucothrix"
7965,1,NA,1,NA,1,NA,"Bacteria","Proteobacteria","Gammaproteobacteria","Thiotrichales","Thiotrichaceae","Leucothrix"
7966,1,NA,1,NA,1,NA,"Bacteria","Proteobacteria","Gammaproteobacteria","Thiotrichales","Thiotrichaceae","Leucothrix"
7967,NA,NA,1,NA,NA,NA,"Bacteria","Proteobacteria","Gammaproteobacteria","Thiotrichales","Thiotrichaceae","Leucothrix"
7998,NA,1,NA,NA,NA,NA,"Bacteria","Proteobacteria","Gammaproteobacteria","Alteromonadales","Psychromonadaceae","Psychromonas"
8018,NA,NA,NA,1,NA,NA,"Bacteria","Proteobacteria","Gammaproteobacteria","Thiotrichales","Thiotrichaceae","Cocleimonas"
8019,1,NA,NA,NA,NA,NA,"Bacteria","Proteobacteria","Gammaproteobacteria","Thiotrichales","Thiotrichaceae","Thiotrichaceae_ge"
8050,1,NA,1,1,1,NA,"Bacteria","Proteobacteria","Gammaproteobacteria","Arenicellales","Arenicellaceae","Arenicella"
8051,1,NA,NA,1,1,NA,"Bacteria","Proteobacteria","Gammaproteobacteria","Arenicellales","Arenicellaceae","Arenicella"
8053,1,NA,1,1,1,1,"Bacteria","Proteobacteria","Gammaproteobacteria","Arenicellales","Arenicellaceae","Arenicella"
8124,NA,1,NA,NA,NA,1,"Bacteria","Proteobacteria","Gammaproteobacteria","Alteromonadales","Alteromonadaceae","Alteromonas"
8181,1,1,NA,NA,NA,1,"Bacteria","Proteobacteria","Gammaproteobacteria","Alteromonadales","Psychromonadaceae","Psychromonas"
8184,1,1,NA,NA,NA,1,"Bacteria","Proteobacteria","Gammaproteobacteria","Alteromonadales","Psychromonadaceae","Psychromonas"
8185,NA,1,NA,NA,NA,NA,"Bacteria","Proteobacteria","Gammaproteobacteria","Alteromonadales","Psychromonadaceae","Psychromonas"
8191,NA,1,NA,NA,NA,NA,"Bacteria","Proteobacteria","Gammaproteobacteria","Alteromonadales","Psychromonadaceae","Psychromonas"
8241,1,NA,1,1,1,1,"Bacteria","Bacteroidetes","Sphingobacteriia","Sphingobacteriales","Saprospiraceae","Portibacter"
8242,1,NA,NA,NA,1,NA,"Bacteria","Bacteroidetes","Sphingobacteriia","Sphingobacteriales","Saprospiraceae","Portibacter"
8243,1,NA,1,NA,1,1,"Bacteria","Bacteroidetes","Sphingobacteriia","Sphingobacteriales","Saprospiraceae","Portibacter"
8244,1,NA,1,1,1,NA,"Bacteria","Bacteroidetes","Sphingobacteriia","Sphingobacteriales","Saprospiraceae","Portibacter"
8245,1,NA,1,NA,1,1,"Bacteria","Bacteroidetes","Sphingobacteriia","Sphingobacteriales","Saprospiraceae","Portibacter"
8246,1,NA,NA,NA,1,NA,"Bacteria","Bacteroidetes","Sphingobacteriia","Sphingobacteriales","Saprospiraceae","Portibacter"
8248,1,NA,1,NA,1,NA,"Bacteria","Bacteroidetes","Sphingobacteriia","Sphingobacteriales","Saprospiraceae","Portibacter"
8325,1,NA,NA,NA,NA,NA,"Bacteria","Proteobacteria","Gammaproteobacteria","Cellvibrionales","Cellvibrionaceae","Cellvibrionaceae_ge"
8336,NA,1,NA,NA,NA,1,"Bacteria","Proteobacteria","Gammaproteobacteria","Alteromonadales","Alteromonadaceae","Paraglaciecola"
8371,1,1,1,1,1,1,"Bacteria","Proteobacteria","Betaproteobacteria","Burkholderiales","Burkholderiaceae","Burkholderia-Paraburkholderia"
8372,1,1,1,1,1,1,"Bacteria","Proteobacteria","Betaproteobacteria","Burkholderiales","Burkholderiaceae","Burkholderia-Paraburkholderia"
8373,NA,NA,NA,1,NA,1,"Bacteria","Proteobacteria","Betaproteobacteria","Burkholderiales","Burkholderiaceae","Burkholderia-Paraburkholderia"
8476,NA,NA,1,NA,NA,NA,"Bacteria","Bacteroidetes","Sphingobacteriia","Sphingobacteriales","Saprospiraceae","Saprospiraceae_ge"
8556,NA,NA,NA,NA,1,NA,"Bacteria","Proteobacteria","Deltaproteobacteria","Bdellovibrionales","Bdellovibrionaceae","Bdellovibrio"
8560,1,NA,1,NA,1,NA,"Bacteria","Bacteroidetes","Sphingobacteriia","Sphingobacteriales","Saprospiraceae","Saprospiraceae_ge"
8565,NA,NA,1,NA,NA,NA,"Bacteria","Bacteroidetes","Sphingobacteriia","Sphingobacteriales","Saprospiraceae","Saprospiraceae_ge"
8714,NA,NA,1,NA,NA,NA,"Bacteria","Bacteroidetes","Sphingobacteriia","Sphingobacteriales","Saprospiraceae","Saprospiraceae_ge"
8816,NA,NA,NA,1,NA,1,"Bacteria","Proteobacteria","Betaproteobacteria","Burkholderiales","Burkholderiaceae","Burkholderia-Paraburkholderia"
8886,NA,NA,1,NA,NA,NA,"Bacteria","Bacteroidetes","Sphingobacteriia","Sphingobacteriales","Saprospiraceae","Saprospiraceae_ge"
8977,NA,NA,1,NA,NA,NA,"Bacteria","Proteobacteria","Gammaproteobacteria","E01-9C-26_marine_group","E01-9C-26_marine_group_fa","E01-9C-26_marine_group_ge"
9019,1,NA,NA,NA,NA,NA,"Bacteria","Proteobacteria","Alphaproteobacteria","Sphingomonadales","Erythrobacteraceae","Erythrobacter"
9026,NA,NA,NA,1,NA,NA,"Bacteria","Proteobacteria","Alphaproteobacteria","Sphingomonadales","Erythrobacteraceae","Altererythrobacter"
9075,1,NA,1,NA,1,NA,"Bacteria","Bacteroidetes","Sphingobacteriia","Sphingobacteriales","Saprospiraceae","Saprospiraceae_ge"
9077,NA,NA,1,NA,NA,NA,"Bacteria","Bacteroidetes","Sphingobacteriia","Sphingobacteriales","Saprospiraceae","Saprospiraceae_ge"
9104,1,NA,1,NA,NA,NA,"Bacteria","Bacteroidetes","Sphingobacteriia","Sphingobacteriales","Saprospiraceae","Saprospiraceae_ge"
9105,NA,NA,1,NA,NA,NA,"Bacteria","Bacteroidetes","Sphingobacteriia","Sphingobacteriales","Saprospiraceae","Saprospiraceae_ge"
9123,1,NA,1,NA,1,NA,"Bacteria","Verrucomicrobia","Verrucomicrobiae","Verrucomicrobiales","Rubritaleaceae","Rubritalea"
9124,1,NA,1,NA,NA,NA,"Bacteria","Verrucomicrobia","Verrucomicrobiae","Verrucomicrobiales","Rubritaleaceae","Rubritalea"
9163,NA,NA,NA,1,NA,NA,"Bacteria","Proteobacteria","Alphaproteobacteria","Sphingomonadales","Erythrobacteraceae","Altererythrobacter"
9377,NA,NA,1,NA,1,NA,"Bacteria","Proteobacteria","Gammaproteobacteria","Chromatiales","Granulosicoccaceae","Granulosicoccus"
9383,NA,NA,1,NA,NA,NA,"Bacteria","Proteobacteria","Gammaproteobacteria","Chromatiales","Granulosicoccaceae","Granulosicoccus"
9418,NA,NA,1,NA,NA,NA,"Bacteria","Proteobacteria","Gammaproteobacteria","Chromatiales","Granulosicoccaceae","Granulosicoccus"
9423,NA,NA,1,NA,NA,NA,"Bacteria","Proteobacteria","Gammaproteobacteria","Chromatiales","Granulosicoccaceae","Granulosicoccus"
9424,NA,NA,1,NA,NA,NA,"Bacteria","Proteobacteria","Gammaproteobacteria","Chromatiales","Granulosicoccaceae","Granulosicoccus"
9442,NA,NA,1,NA,NA,NA,"Bacteria","Proteobacteria","Gammaproteobacteria","Chromatiales","Granulosicoccaceae","Granulosicoccus"
9523,1,NA,1,NA,NA,NA,"Bacteria","Planctomycetes","Planctomycetacia","Planctomycetales","Planctomycetaceae","Blastopirellula"
9524,NA,NA,1,NA,NA,NA,"Bacteria","Planctomycetes","Planctomycetacia","Planctomycetales","Planctomycetaceae","Blastopirellula"
9525,NA,NA,1,NA,NA,NA,"Bacteria","Planctomycetes","Planctomycetacia","Planctomycetales","Planctomycetaceae","Blastopirellula"
9616,1,NA,NA,1,1,1,"Bacteria","Bacteroidetes","Flavobacteriia","Flavobacteriales","Flavobacteriaceae","Lacinutrix"
9665,NA,NA,1,NA,NA,NA,"Bacteria","Bacteroidetes","Flavobacteriia","Flavobacteriales","Flavobacteriaceae","Flavobacteriaceae_ge"
9671,NA,NA,NA,1,NA,NA,"Bacteria","Bacteroidetes","Flavobacteriia","Flavobacteriales","Flavobacteriaceae","Lacinutrix"
9697,NA,NA,1,NA,NA,NA,"Bacteria","Bacteroidetes","Flavobacteriia","Flavobacteriales","NS9_marine_group","NS9_marine_group_ge"
9715,1,NA,NA,NA,NA,NA,"Bacteria","Planctomycetes","Planctomycetacia","Planctomycetales","Planctomycetaceae","Blastopirellula"
9723,NA,NA,NA,1,NA,NA,"Bacteria","Bacteroidetes","Flavobacteriia","Flavobacteriales","Flavobacteriaceae","Nonlabens"
9724,NA,NA,1,1,NA,NA,"Bacteria","Bacteroidetes","Flavobacteriia","Flavobacteriales","Flavobacteriaceae","Nonlabens"
9727,NA,NA,NA,1,NA,NA,"Bacteria","Bacteroidetes","Flavobacteriia","Flavobacteriales","Flavobacteriaceae","Nonlabens"
9734,NA,NA,NA,1,NA,1,"Bacteria","Bacteroidetes","Flavobacteriia","Flavobacteriales","Flavobacteriaceae","Nonlabens"
9736,NA,NA,NA,1,NA,NA,"Bacteria","Bacteroidetes","Flavobacteriia","Flavobacteriales","Flavobacteriaceae","Nonlabens"
9740,1,NA,NA,NA,NA,NA,"Bacteria","Bacteroidetes","Flavobacteriia","Flavobacteriales","Flavobacteriaceae","Flavobacteriaceae_ge"
9828,NA,NA,1,NA,NA,NA,"Bacteria","Proteobacteria","Gammaproteobacteria","KI89A_clade","KI89A_clade_fa","KI89A_clade_ge"
9997,NA,NA,NA,1,NA,NA,"Bacteria","Proteobacteria","Gammaproteobacteria","Chromatiales","Granulosicoccaceae","Granulosicoccus"
9999,1,NA,NA,NA,NA,NA,"Bacteria","Proteobacteria","Gammaproteobacteria","Chromatiales","Granulosicoccaceae","Granulosicoccus"
10000,1,NA,NA,1,NA,NA,"Bacteria","Proteobacteria","Gammaproteobacteria","Chromatiales","Granulosicoccaceae","Granulosicoccus"
10195,1,NA,NA,1,NA,NA,"Bacteria","Proteobacteria","Deltaproteobacteria","Bdellovibrionales","Bdellovibrionaceae","OM27_clade"
10300,NA,NA,NA,1,NA,NA,"Bacteria","Actinobacteria","Nitriliruptoria","Euzebyales","Euzebyaceae","Euzebya"
10350,1,NA,1,1,1,1,"Bacteria","Verrucomicrobia","Verrucomicrobiae","Verrucomicrobiales","Verrucomicrobiaceae","Roseibacillus"
10351,1,NA,1,1,1,1,"Bacteria","Verrucomicrobia","Verrucomicrobiae","Verrucomicrobiales","Verrucomicrobiaceae","Roseibacillus"
10352,1,NA,NA,1,NA,NA,"Bacteria","Verrucomicrobia","Verrucomicrobiae","Verrucomicrobiales","Verrucomicrobiaceae","Roseibacillus"
10360,NA,NA,1,NA,NA,NA,"Bacteria","Verrucomicrobia","Verrucomicrobiae","Verrucomicrobiales","Verrucomicrobiaceae","Roseibacillus"
10361,1,1,1,1,1,1,"Bacteria","Verrucomicrobia","Verrucomicrobiae","Verrucomicrobiales","Verrucomicrobiaceae","Roseibacillus"
10362,NA,NA,1,NA,NA,NA,"Bacteria","Verrucomicrobia","Verrucomicrobiae","Verrucomicrobiales","Verrucomicrobiaceae","Roseibacillus"
10369,1,NA,1,NA,1,NA,"Bacteria","Verrucomicrobia","Verrucomicrobiae","Verrucomicrobiales","Verrucomicrobiaceae","Roseibacillus"
10370,NA,NA,1,NA,NA,NA,"Bacteria","Verrucomicrobia","Verrucomicrobiae","Verrucomicrobiales","Verrucomicrobiaceae","Roseibacillus"
10383,NA,NA,1,NA,NA,NA,"Bacteria","Cyanobacteria","Cyanobacteria","SubsectionI","FamilyI","FamilyI_ge"
10384,NA,NA,1,NA,NA,NA,"Bacteria","Cyanobacteria","Cyanobacteria","SubsectionI","FamilyI","FamilyI_ge"
10390,1,1,NA,NA,1,1,"Bacteria","Cyanobacteria","Cyanobacteria","SubsectionII","FamilyII","Pleurocapsa"
10392,1,1,1,1,1,1,"Bacteria","Cyanobacteria","Cyanobacteria","SubsectionII","FamilyII","Pleurocapsa"
10574,1,NA,1,NA,1,NA,"Bacteria","Verrucomicrobia","Verrucomicrobiae","Verrucomicrobiales","Verrucomicrobiaceae","Roseibacillus"
10576,NA,NA,1,NA,NA,NA,"Bacteria","Verrucomicrobia","Verrucomicrobiae","Verrucomicrobiales","Verrucomicrobiaceae","Roseibacillus"
10607,1,NA,1,NA,1,NA,"Bacteria","Verrucomicrobia","Verrucomicrobiae","Verrucomicrobiales","Verrucomicrobiaceae","Roseibacillus"
10608,1,NA,1,NA,NA,NA,"Bacteria","Verrucomicrobia","Verrucomicrobiae","Verrucomicrobiales","Verrucomicrobiaceae","Roseibacillus"
10711,NA,NA,NA,1,NA,NA,"Bacteria","Bacteroidetes","Sphingobacteriia","Sphingobacteriales","Chitinophagaceae","Taibaiella"
10746,NA,NA,NA,NA,NA,1,"Bacteria","Bacteroidetes","Flavobacteriia","Flavobacteriales","Flavobacteriaceae","Maribacter"
10760,NA,NA,NA,NA,1,NA,"Bacteria","Proteobacteria","Alphaproteobacteria","Caulobacterales","Hyphomonadaceae","Litorimonas"
10763,1,NA,NA,NA,1,NA,"Bacteria","Proteobacteria","Alphaproteobacteria","Caulobacterales","Hyphomonadaceae","Litorimonas"
10810,NA,NA,NA,1,NA,NA,"Bacteria","Verrucomicrobia","Verrucomicrobiae","Verrucomicrobiales","Verrucomicrobiaceae","Luteolibacter"
11010,NA,NA,1,NA,NA,NA,"Bacteria","Bacteroidetes","Sphingobacteriia","Sphingobacteriales","Saprospiraceae","Portibacter"
11107,1,NA,1,1,1,NA,"Bacteria","Proteobacteria","Alphaproteobacteria","Caulobacterales","Hyphomonadaceae","Hellea"
11118,1,1,1,NA,1,1,"Bacteria","Proteobacteria","Alphaproteobacteria","Caulobacterales","Hyphomonadaceae","Litorimonas"
11119,NA,NA,1,NA,NA,NA,"Bacteria","Proteobacteria","Alphaproteobacteria","Caulobacterales","Hyphomonadaceae","Litorimonas"
11130,1,NA,NA,NA,NA,NA,"Bacteria","Proteobacteria","Alphaproteobacteria","Caulobacterales","Hyphomonadaceae","Robiginitomaculum"
11131,NA,NA,1,NA,NA,NA,"Bacteria","Proteobacteria","Alphaproteobacteria","Caulobacterales","Hyphomonadaceae","Robiginitomaculum"
11137,1,NA,1,1,1,NA,"Bacteria","Bacteroidetes","Sphingobacteriia","Sphingobacteriales","Chitinophagaceae","Taibaiella"
11138,NA,NA,1,NA,NA,NA,"Bacteria","Bacteroidetes","Sphingobacteriia","Sphingobacteriales","Chitinophagaceae","Taibaiella"
11277,1,NA,NA,NA,NA,NA,"Bacteria","Bacteroidetes","Sphingobacteriia","Sphingobacteriales","Saprospiraceae","Saprospiraceae_ge"
11311,NA,NA,1,NA,NA,NA,"Bacteria","Proteobacteria","Alphaproteobacteria","Caulobacterales","Hyphomonadaceae","Litorimonas"
11313,1,NA,1,NA,1,1,"Bacteria","Proteobacteria","Alphaproteobacteria","Caulobacterales","Hyphomonadaceae","Fretibacter"
11343,NA,NA,NA,1,1,NA,"Bacteria","Proteobacteria","Alphaproteobacteria","Alphaproteobacteria_Incertae_Sedis","Alphaproteobacteria_Incertae_Sedis_fa","Alphaproteobacteria_Incertae_Sedis_ge"
11355,1,NA,1,NA,1,NA,"Bacteria","Bacteroidetes","Sphingobacteriia","Sphingobacteriales","Saprospiraceae","Saprospiraceae_ge"
11356,1,NA,1,NA,1,NA,"Bacteria","Bacteroidetes","Sphingobacteriia","Sphingobacteriales","Saprospiraceae","Saprospiraceae_ge"
11357,NA,NA,1,NA,NA,NA,"Bacteria","Bacteroidetes","Sphingobacteriia","Sphingobacteriales","Saprospiraceae","Saprospiraceae_ge"
11377,NA,NA,NA,1,NA,NA,"Bacteria","Actinobacteria","Acidimicrobiia","Acidimicrobiales","Acidimicrobiaceae","Ilumatobacter"
11396,NA,NA,1,NA,NA,NA,"Bacteria","Actinobacteria","Acidimicrobiia","Acidimicrobiales","Sva0996_marine_group","Sva0996_marine_group_ge"
11429,NA,NA,1,1,NA,NA,"Bacteria","Actinobacteria","Acidimicrobiia","Acidimicrobiales","Acidimicrobiales_fa","Acidimicrobiales_ge"
11430,NA,NA,1,NA,NA,NA,"Bacteria","Actinobacteria","Acidimicrobiia","Acidimicrobiales","Acidimicrobiales_fa","Acidimicrobiales_ge"
11443,NA,NA,1,NA,NA,NA,"Bacteria","Actinobacteria","Acidimicrobiia","Acidimicrobiales","Sva0996_marine_group","Sva0996_marine_group_ge"
11538,1,1,NA,1,NA,1,"Bacteria","Proteobacteria","Gammaproteobacteria","Oceanospirillales","Hahellaceae","Hahella"
11645,NA,1,NA,NA,NA,1,"Bacteria","Proteobacteria","Gammaproteobacteria","Oceanospirillales","Oceanospirillaceae","Marinomonas"
11652,NA,1,NA,NA,NA,NA,"Bacteria","Proteobacteria","Gammaproteobacteria","Oceanospirillales","Oceanospirillaceae","Marinomonas"
11724,NA,NA,1,NA,NA,NA,"Bacteria","Cyanobacteria","Cyanobacteria","SubsectionII","FamilyII","Pleurocapsa"
11725,NA,NA,1,NA,NA,NA,"Bacteria","Cyanobacteria","Cyanobacteria","SubsectionII","FamilyII","Pleurocapsa"
11784,NA,NA,1,NA,NA,NA,"Bacteria","Bacteroidetes","Flavobacteriia","Flavobacteriales","Flavobacteriaceae","Flavobacteriaceae_ge"
12010,NA,NA,1,NA,NA,NA,"Bacteria","Planctomycetes","Planctomycetacia","Planctomycetales","Planctomycetaceae","Blastopirellula"
12119,NA,NA,NA,NA,NA,1,"Bacteria","Proteobacteria","Alphaproteobacteria","Rhodobacterales","Rhodobacteraceae","Sulfitobacter"
12129,1,1,NA,NA,1,1,"Bacteria","Proteobacteria","Alphaproteobacteria","Rhodobacterales","Rhodobacteraceae","Rhodobacteraceae_ge"
12130,1,NA,NA,NA,NA,1,"Bacteria","Proteobacteria","Alphaproteobacteria","Rhodobacterales","Rhodobacteraceae","Octadecabacter"
12134,1,1,NA,1,1,1,"Bacteria","Proteobacteria","Alphaproteobacteria","Rhodobacterales","Rhodobacteraceae","Octadecabacter"
12135,1,NA,NA,NA,1,1,"Bacteria","Proteobacteria","Alphaproteobacteria","Rhodobacterales","Rhodobacteraceae","Octadecabacter"
12197,NA,NA,NA,1,NA,NA,"Bacteria","Proteobacteria","Alphaproteobacteria","Rhodobacterales","Rhodobacteraceae","Rhodobacteraceae_ge"
12205,NA,NA,NA,NA,NA,1,"Bacteria","Proteobacteria","Alphaproteobacteria","Rhodobacterales","Rhodobacteraceae","Sulfitobacter"
12206,1,1,1,1,1,1,"Bacteria","Proteobacteria","Alphaproteobacteria","Rhodobacterales","Rhodobacteraceae","Rhodobacteraceae_ge"
12214,1,1,1,1,1,1,"Bacteria","Proteobacteria","Alphaproteobacteria","Rhodobacterales","Rhodobacteraceae","Sulfitobacter"
12235,1,NA,1,NA,NA,1,"Bacteria","Proteobacteria","Alphaproteobacteria","Rhodobacterales","Rhodobacteraceae","Loktanella"
12254,1,1,1,1,1,1,"Bacteria","Proteobacteria","Alphaproteobacteria","Rhodobacterales","Rhodobacteraceae","Octadecabacter"
12326,NA,NA,1,NA,NA,NA,"Bacteria","Proteobacteria","Alphaproteobacteria","Rhizobiales","Phyllobacteriaceae","Pseudahrensia"
12331,NA,NA,NA,1,NA,NA,"Bacteria","Proteobacteria","Alphaproteobacteria","Rhizobiales","Phyllobacteriaceae","Ahrensia"
12353,NA,1,NA,NA,NA,NA,"Bacteria","Proteobacteria","Alphaproteobacteria","Rhodobacterales","Rhodobacteraceae","Rhodobacteraceae_ge"
12369,NA,NA,NA,1,NA,NA,"Bacteria","Proteobacteria","Alphaproteobacteria","Parvularculales","Parvularculaceae","Parvularculaceae_ge"
12388,1,1,1,NA,NA,1,"Bacteria","Proteobacteria","Alphaproteobacteria","Rhodobacterales","Rhodobacteraceae","Loktanella"
12440,1,NA,NA,NA,NA,NA,"Bacteria","Proteobacteria","Alphaproteobacteria","Rhodobacterales","Rhodobacteraceae","Rhodobacteraceae_ge"
12489,1,1,NA,1,1,1,"Bacteria","Proteobacteria","Alphaproteobacteria","Rhodobacterales","Rhodobacteraceae","Tateyamaria"
12505,NA,NA,1,NA,NA,NA,"Bacteria","Proteobacteria","Alphaproteobacteria","Rhodobacterales","Rhodobacteraceae","Tateyamaria"
12519,1,NA,1,1,1,1,"Bacteria","Proteobacteria","Alphaproteobacteria","Parvularculales","Parvularculaceae","Parvularculaceae_ge"
12606,NA,NA,1,NA,NA,NA,"Bacteria","Proteobacteria","Gammaproteobacteria","Thiotrichales","Thiotrichaceae","Leucothrix"
12607,1,NA,1,NA,1,NA,"Bacteria","Proteobacteria","Gammaproteobacteria","Thiotrichales","Thiotrichaceae","Leucothrix"
12610,NA,NA,1,NA,NA,NA,"Bacteria","Proteobacteria","Gammaproteobacteria","Thiotrichales","Thiotrichaceae","Leucothrix"
12612,NA,NA,1,NA,NA,NA,"Bacteria","Proteobacteria","Gammaproteobacteria","Thiotrichales","Thiotrichaceae","Leucothrix"
12613,NA,NA,1,NA,NA,NA,"Bacteria","Proteobacteria","Gammaproteobacteria","Thiotrichales","Thiotrichaceae","Leucothrix"
12636,1,NA,1,NA,1,NA,"Bacteria","Proteobacteria","Gammaproteobacteria","Thiotrichales","Thiotrichaceae","Leucothrix"
12637,1,1,1,NA,1,1,"Bacteria","Proteobacteria","Gammaproteobacteria","Thiotrichales","Thiotrichaceae","Leucothrix"
12686,NA,1,NA,NA,1,1,"Bacteria","Proteobacteria","Gammaproteobacteria","Alteromonadales","Alteromonadaceae","Aliiglaciecola"
12718,NA,NA,NA,NA,NA,1,"Bacteria","Proteobacteria","Gammaproteobacteria","Alteromonadales","Alteromonadaceae","Paraglaciecola"
12729,NA,NA,NA,NA,NA,1,"Bacteria","Proteobacteria","Gammaproteobacteria","Alteromonadales","Alteromonadaceae","Glaciecola"
12811,NA,1,NA,NA,NA,NA,"Bacteria","Proteobacteria","Gammaproteobacteria","Alteromonadales","Psychromonadaceae","Psychromonas"
12828,NA,NA,1,NA,NA,NA,"Bacteria","Proteobacteria","Gammaproteobacteria","Enterobacteriales","Enterobacteriaceae","Escherichia-Shigella"
13104,1,NA,NA,NA,1,NA,"Bacteria","Planctomycetes","OM190","OM190_or","OM190_fa","OM190_ge"
13113,NA,NA,1,NA,NA,NA,"Bacteria","Proteobacteria","Gammaproteobacteria","Thiotrichales","Thiotrichaceae","Cocleimonas"
13165,NA,NA,NA,1,NA,NA,"Bacteria","Bacteroidetes","Sphingobacteriia","Sphingobacteriales","NS11-12_marine_group","NS11-12_marine_group_ge"
13169,NA,NA,1,NA,NA,NA,"Bacteria","Bacteroidetes","Sphingobacteriia","Sphingobacteriales","Saprospiraceae","Saprospiraceae_ge"
13371,1,NA,NA,NA,NA,NA,"Bacteria","Proteobacteria","Deltaproteobacteria","Bdellovibrionales","Bacteriovoracaceae","Bacteriovoracaceae_ge"
13378,NA,NA,NA,NA,1,NA,"Bacteria","Proteobacteria","Alphaproteobacteria","Alphaproteobacteria_Incertae_Sedis","Alphaproteobacteria_Incertae_Sedis_fa","Alphaproteobacteria_Incertae_Sedis_ge"
13500,NA,NA,NA,1,NA,NA,"Bacteria","Bacteroidetes","Sphingobacteriia","Sphingobacteriales","Saprospiraceae","Lewinella"
13589,NA,NA,NA,1,NA,NA,"Bacteria","Bacteroidetes","Flavobacteriia","Flavobacteriales","Flavobacteriaceae","Flavobacteriaceae_ge"
13592,NA,NA,NA,1,NA,NA,"Bacteria","Bacteroidetes","Flavobacteriia","Flavobacteriales","Flavobacteriaceae","Flavobacteriaceae_ge"
13594,1,NA,1,1,NA,NA,"Bacteria","Bacteroidetes","Flavobacteriia","Flavobacteriales","Flavobacteriaceae","Flavobacteriaceae_ge"
13617,NA,NA,1,NA,NA,NA,"Bacteria","Bacteroidetes","Flavobacteriia","Flavobacteriales","Flavobacteriaceae","Flavobacteriaceae_ge"
13623,NA,NA,NA,1,NA,NA,"Bacteria","Bacteroidetes","Flavobacteriia","Flavobacteriales","Flavobacteriaceae","Flavobacteriaceae_ge"
13823,NA,NA,1,NA,NA,NA,"Bacteria","Verrucomicrobia","Verrucomicrobiae","Verrucomicrobiales","Verrucomicrobiaceae","Roseibacillus"
13824,NA,NA,1,NA,NA,NA,"Bacteria","Verrucomicrobia","Verrucomicrobiae","Verrucomicrobiales","Verrucomicrobiaceae","Roseibacillus"
13825,NA,NA,1,NA,NA,NA,"Bacteria","Verrucomicrobia","Verrucomicrobiae","Verrucomicrobiales","Verrucomicrobiaceae","Roseibacillus"
13889,NA,NA,1,NA,NA,NA,"Bacteria","Bacteroidetes","Sphingobacteriia","Sphingobacteriales","Saprospiraceae","Saprospiraceae_ge"
14045,NA,NA,1,NA,NA,NA,"Bacteria","Bacteroidetes","Sphingobacteriia","Sphingobacteriales","Saprospiraceae","Saprospiraceae_ge"
14046,NA,NA,1,NA,NA,NA,"Bacteria","Bacteroidetes","Sphingobacteriia","Sphingobacteriales","Saprospiraceae","Saprospiraceae_ge"
14047,1,NA,1,1,1,NA,"Bacteria","Bacteroidetes","Sphingobacteriia","Sphingobacteriales","Saprospiraceae","Saprospiraceae_ge"
14048,NA,NA,1,NA,NA,NA,"Bacteria","Bacteroidetes","Sphingobacteriia","Sphingobacteriales","Saprospiraceae","Saprospiraceae_ge"
14050,NA,NA,1,NA,NA,NA,"Bacteria","Bacteroidetes","Sphingobacteriia","Sphingobacteriales","Saprospiraceae","Saprospiraceae_ge"
14071,1,NA,1,NA,1,NA,"Bacteria","Proteobacteria","Alphaproteobacteria","Caulobacterales","Hyphomonadaceae","Robiginitomaculum"
14092,NA,NA,NA,1,NA,NA,"Bacteria","Proteobacteria","Alphaproteobacteria","Caulobacterales","Hyphomonadaceae","Robiginitomaculum"
14111,NA,NA,1,NA,NA,NA,"Bacteria","Actinobacteria","Acidimicrobiia","Acidimicrobiales","Acidimicrobiales_fa","Acidimicrobiales_ge"
14113,NA,NA,1,NA,NA,NA,"Bacteria","Actinobacteria","Acidimicrobiia","Acidimicrobiales","Acidimicrobiales_fa","Acidimicrobiales_ge"
14464,NA,NA,NA,1,NA,NA,"Bacteria","Proteobacteria","Alphaproteobacteria","Rhizobiales","Phyllobacteriaceae","Pseudahrensia"
14571,1,NA,1,NA,1,NA,"Bacteria","Proteobacteria","Alphaproteobacteria","Rhodobacterales","Rhodobacteraceae","Dinoroseobacter"
14634,1,NA,1,NA,NA,NA,"Bacteria","Proteobacteria","Gammaproteobacteria","Thiotrichales","Thiotrichaceae","Leucothrix"
14636,NA,NA,1,NA,NA,NA,"Bacteria","Proteobacteria","Gammaproteobacteria","Thiotrichales","Thiotrichaceae","Leucothrix"
14637,NA,NA,1,NA,NA,NA,"Bacteria","Proteobacteria","Gammaproteobacteria","Thiotrichales","Thiotrichaceae","Leucothrix"
14638,NA,NA,1,NA,NA,NA,"Bacteria","Proteobacteria","Gammaproteobacteria","Thiotrichales","Thiotrichaceae","Leucothrix"
14658,1,NA,1,NA,NA,NA,"Bacteria","Proteobacteria","Gammaproteobacteria","Arenicellales","Arenicellaceae","Arenicella"
14674,NA,1,NA,NA,NA,NA,"Bacteria","Proteobacteria","Gammaproteobacteria","Alteromonadales","Psychromonadaceae","Psychromonas"
14717,NA,NA,1,NA,NA,NA,"Bacteria","Bacteroidetes","Sphingobacteriia","Sphingobacteriales","Saprospiraceae","Saprospiraceae_ge"
14744,1,NA,1,1,1,1,"Bacteria","Planctomycetes","OM190","OM190_or","OM190_fa","OM190_ge"
14952,1,NA,NA,NA,NA,NA,"Bacteria","Proteobacteria","Gammaproteobacteria","Alteromonadales","Colwelliaceae","Colwellia"
15020,NA,NA,1,1,NA,NA,"Bacteria","Proteobacteria","Alphaproteobacteria","Rhodobacterales","Rhodobacteraceae","Rhodobacteraceae_ge"
15264,NA,NA,1,NA,NA,NA,"Bacteria","Proteobacteria","Gammaproteobacteria","Chromatiales","Thioalkalispiraceae","Thiohalophilus"
15392,NA,NA,1,NA,1,NA,"Bacteria","Bacteroidetes","Sphingobacteriia","Sphingobacteriales","Saprospiraceae","Saprospiraceae_ge"
