SampleName,Season,Year,Day,Site,Zone,Species,Tissue,Replicate,Type,Transect,SampleNumber
S151_Amo_PuB1,S,15,1,Amo,MID,Pu,B,1,Alga,1,317
S151_Amo_PuB2,S,15,1,Amo,MID,Pu,B,2,Alga,1,318
S151_Amo_PuB3,S,15,1,Amo,MID,Pu,B,3,Alga,1,319
S151_Amo_PuB4,S,15,1,Amo,MID,Pu,B,4,Alga,2,320
S151_Amo_PuB5,S,15,1,Amo,MID,Pu,B,5,Alga,2,321
S151_Amo_PuB6,S,15,1,Amo,MID,Pu,B,6,Alga,2,322
S151_Amo_PuH1,S,15,1,Amo,MID,Pu,H,1,Alga,1,323
S151_Amo_PuH2,S,15,1,Amo,MID,Pu,H,2,Alga,1,324
S151_Amo_PuH3,S,15,1,Amo,MID,Pu,H,3,Alga,1,325
S151_Amo_PuH4,S,15,1,Amo,MID,Pu,H,4,Alga,2,326
S151_Amo_PuH5,S,15,1,Amo,MID,Pu,H,5,Alga,2,327
S151_Amo_PuH6,S,15,1,Amo,MID,Pu,H,6,Alga,2,328
S152_Amo_PuB1,S,15,2,Amo,MID,Pu,B,1,Alga,1,710
S152_Amo_PuB2,S,15,2,Amo,MID,Pu,B,2,Alga,1,711
S152_Amo_PuB3,S,15,2,Amo,MID,Pu,B,3,Alga,1,712
S152_Amo_PuB4,S,15,2,Amo,MID,Pu,B,4,Alga,2,713
S152_Amo_PuB5,S,15,2,Amo,MID,Pu,B,5,Alga,2,714
S152_Amo_PuB6,S,15,2,Amo,MID,Pu,B,6,Alga,2,715
S152_Amo_PuH1,S,15,2,Amo,MID,Pu,H,1,Alga,1,716
S152_Amo_PuH2,S,15,2,Amo,MID,Pu,H,2,Alga,1,717
S152_Amo_PuH3,S,15,2,Amo,MID,Pu,H,3,Alga,1,718
S152_Amo_PuH4,S,15,2,Amo,MID,Pu,H,4,Alga,2,719
S152_Amo_PuH5,S,15,2,Amo,MID,Pu,H,5,Alga,2,720
S152_Amo_PuH6,S,15,2,Amo,MID,Pu,H,6,Alga,2,721
S161_Amo_PuB1,S,16,1,Amo,MID,Pu,B,1,Alga,1,1077
S161_Amo_PuB2,S,16,1,Amo,MID,Pu,B,2,Alga,1,1078
S161_Amo_PuB3,S,16,1,Amo,MID,Pu,B,3,Alga,1,1079
S161_Amo_PuB4,S,16,1,Amo,MID,Pu,B,4,Alga,2,1080
S161_Amo_PuB5,S,16,1,Amo,MID,Pu,B,5,Alga,2,1081
S161_Amo_PuB6,S,16,1,Amo,MID,Pu,B,6,Alga,2,1082
S161_Amo_PuH1,S,16,1,Amo,MID,Pu,H,1,Alga,1,1083
S161_Amo_PuH2,S,16,1,Amo,MID,Pu,H,2,Alga,1,1084
S161_Amo_PuH3,S,16,1,Amo,MID,Pu,H,3,Alga,1,1085
S161_Amo_PuH4,S,16,1,Amo,MID,Pu,H,4,Alga,2,1086
S161_Amo_PuH5,S,16,1,Amo,MID,Pu,H,5,Alga,2,1087
S161_Amo_PuH6,S,16,1,Amo,MID,Pu,H,6,Alga,2,1088
S162_Amo_PuB1,S,16,2,Amo,MID,Pu,B,1,Alga,1,1372
S162_Amo_PuB2,S,16,2,Amo,MID,Pu,B,2,Alga,1,1373
S162_Amo_PuB3,S,16,2,Amo,MID,Pu,B,3,Alga,1,1374
S162_Amo_PuB4,S,16,2,Amo,MID,Pu,B,4,Alga,2,1375
S162_Amo_PuB5,S,16,2,Amo,MID,Pu,B,5,Alga,2,1376
S162_Amo_PuB6,S,16,2,Amo,MID,Pu,B,6,Alga,2,1377
S162_Amo_PuH1,S,16,2,Amo,MID,Pu,H,1,Alga,1,1378
S162_Amo_PuH2,S,16,2,Amo,MID,Pu,H,2,Alga,1,1379
S162_Amo_PuH3,S,16,2,Amo,MID,Pu,H,3,Alga,1,1380
S162_Amo_PuH4,S,16,2,Amo,MID,Pu,H,4,Alga,2,1381
S162_Amo_PuH5,S,16,2,Amo,MID,Pu,H,5,Alga,2,1382
S162_Amo_PuH6,S,16,2,Amo,MID,Pu,H,6,Alga,2,1383
S151_Avei_0_2micB,S,15,1,Avei,MID,filter,filter,1,0.2filter,2,329
S152_Avei_0_2micA,S,15,2,Avei,MID,filter,filter,1,0.2filter,1,722
S152_Avei_5_0micB,S,15,2,Avei,MID,filter,filter,1,5.0filter,2,723
S151_Beau_TrA_0_2mic,S,15,1,Beau,MID,filter,filter,1,0.2filter,1,343
S151_Beau_TrB_0_2mic,S,15,1,Beau,MID,filter,filter,1,0.2filter,2,344
S152_Beau_TrA_0_2mic,S,15,2,Beau,MID,filter,filter,1,0.2filter,1,738
S152_Beau_TrB_0_2mic,S,15,2,Beau,MID,filter,filter,1,0.2filter,2,739
S161_Beau_A_0_2filter,S,16,1,Beau,MID,filter,filter,1,0.2filter,1,1089
S161_Beau_B_0_2filter,S,16,1,Beau,MID,filter,filter,1,0.2filter,2,1090
S162_Beau_A_0_2filter,S,16,2,Beau,MID,filter,filter,1,0.2filter,1,1384
S162_Beau_B_0_2filter,S,16,2,Beau,MID,filter,filter,1,0.2filter,2,1385
S151_Beau_FvH1,S,15,1,Beau,MID,Fv,H,1,Alga,1,330
S151_Beau_FvH2,S,15,1,Beau,MID,Fv,H,2,Alga,1,331
S151_Beau_FvH3,S,15,1,Beau,MID,Fv,H,3,Alga,1,332
S151_Beau_FvH4,S,15,1,Beau,MID,Fv,H,4,Alga,2,333
S151_Beau_FvH5,S,15,1,Beau,MID,Fv,H,5,Alga,2,334
S151_Beau_FvH6,S,15,1,Beau,MID,Fv,H,6,Alga,2,335
S151_Beau_FvV1,S,15,1,Beau,MID,Fv,V,1,Alga,1,336
S151_Beau_FvV2,S,15,1,Beau,MID,Fv,V,2,Alga,1,337
S151_Beau_FvV3,S,15,1,Beau,MID,Fv,V,3,Alga,1,338
S151_Beau_FvV4,S,15,1,Beau,MID,Fv,V,4,Alga,2,339
S151_Beau_FvV5,S,15,1,Beau,MID,Fv,V,5,Alga,2,340
S151_Beau_FvV6,S,15,1,Beau,MID,Fv,V,6,Alga,2,341
S152_Beau_FvH1,S,15,2,Beau,MID,Fv,H,1,Alga,1,724
S152_Beau_FvH2,S,15,2,Beau,MID,Fv,H,2,Alga,1,725
S152_Beau_FvH3,S,15,2,Beau,MID,Fv,H,3,Alga,1,726
S152_Beau_FvH4,S,15,2,Beau,MID,Fv,H,4,Alga,2,727
S152_Beau_FvH5,S,15,2,Beau,MID,Fv,H,5,Alga,2,728
S152_Beau_FvH6,S,15,2,Beau,MID,Fv,H,6,Alga,2,729
S152_Beau_FvV1,S,15,2,Beau,MID,Fv,V,1,Alga,1,730
S152_Beau_FvV2,S,15,2,Beau,MID,Fv,V,2,Alga,1,731
S152_Beau_FvV3,S,15,2,Beau,MID,Fv,V,3,Alga,1,732
S152_Beau_FvV4,S,15,2,Beau,MID,Fv,V,4,Alga,2,733
S152_Beau_FvV5,S,15,2,Beau,MID,Fv,V,5,Alga,2,734
S152_Beau_FvV6,S,15,2,Beau,MID,Fv,V,6,Alga,2,735
S161_Beau_FvH1,S,16,1,Beau,MID,Fv,H,1,Alga,1,1091
S161_Beau_FvH2,S,16,1,Beau,MID,Fv,H,2,Alga,1,1092
S161_Beau_FvH3,S,16,1,Beau,MID,Fv,H,3,Alga,1,1093
S161_Beau_FvH4,S,16,1,Beau,MID,Fv,H,4,Alga,2,1094
S161_Beau_FvH5,S,16,1,Beau,MID,Fv,H,5,Alga,2,1095
S161_Beau_FvH6,S,16,1,Beau,MID,Fv,H,6,Alga,2,1096
S161_Beau_FvV1,S,16,1,Beau,MID,Fv,V,1,Alga,1,1097
S161_Beau_FvV2,S,16,1,Beau,MID,Fv,V,2,Alga,1,1098
S161_Beau_FvV3,S,16,1,Beau,MID,Fv,V,3,Alga,1,1099
S161_Beau_FvV4,S,16,1,Beau,MID,Fv,V,4,Alga,2,1100
S161_Beau_FvV5,S,16,1,Beau,MID,Fv,V,5,Alga,2,1101
S161_Beau_FvV6,S,16,1,Beau,MID,Fv,V,6,Alga,2,1102
S162_Beau_FvH1,S,16,2,Beau,MID,Fv,H,1,Alga,1,1386
S162_Beau_FvH2,S,16,2,Beau,MID,Fv,H,2,Alga,1,1387
S162_Beau_FvH3,S,16,2,Beau,MID,Fv,H,3,Alga,1,1388
S162_Beau_FvH4,S,16,2,Beau,MID,Fv,H,4,Alga,2,1389
S162_Beau_FvH5,S,16,2,Beau,MID,Fv,H,5,Alga,2,1390
S162_Beau_FvH6,S,16,2,Beau,MID,Fv,H,6,Alga,2,1391
S162_Beau_FvV1,S,16,2,Beau,MID,Fv,V,1,Alga,1,1392
S162_Beau_FvV2,S,16,2,Beau,MID,Fv,V,2,Alga,1,1393
S162_Beau_FvV3,S,16,2,Beau,MID,Fv,V,3,Alga,1,1394
S162_Beau_FvV4,S,16,2,Beau,MID,Fv,V,4,Alga,2,1395
S162_Beau_FvV5,S,16,2,Beau,MID,Fv,V,5,Alga,2,1396
S162_Beau_FvV6,S,16,2,Beau,MID,Fv,V,6,Alga,2,1397
S151_Beau_RockB,S,15,1,Beau,MID,Rock,Rock,1,Rock,2,342
S152_Beau_RockA,S,15,2,Beau,MID,Rock,Rock,1,Rock,1,736
S152_Beau_RockB,S,15,2,Beau,MID,Rock,Rock,1,Rock,2,737
S151_Bodo_Tr1_0_2mic,S,15,1,Bodo,MID,filter,filter,1,0.2filter,1,379
S151_Bodo_Tr2_0_2mic,S,15,1,Bodo,MID,filter,filter,1,0.2filter,1,380
S152_Bodo_Tr10_2mic,S,15,2,Bodo,MID,filter,filter,1,0.2filter,1,774
S152_Bodo_Tr2_0_2mic,S,15,2,Bodo,MID,filter,filter,1,0.2filter,2,775
S151_Bodo_FvH1,S,15,1,Bodo,MID,Fv,H,1,Alga,1,345
S151_Bodo_FvH2,S,15,1,Bodo,MID,Fv,H,2,Alga,1,346
S151_Bodo_FvH3,S,15,1,Bodo,MID,Fv,H,3,Alga,1,347
S151_Bodo_FvH4,S,15,1,Bodo,MID,Fv,H,4,Alga,2,348
S151_Bodo_FvH5,S,15,1,Bodo,MID,Fv,H,5,Alga,2,349
S151_Bodo_FvH6,S,15,1,Bodo,MID,Fv,H,6,Alga,2,350
S151_Bodo_FvR1,S,15,1,Bodo,MID,Fv,R,1,Alga,1,351
S151_Bodo_FvR2,S,15,1,Bodo,MID,Fv,R,2,Alga,1,352
S151_Bodo_FvR3,S,15,1,Bodo,MID,Fv,R,3,Alga,1,353
S151_Bodo_FvR4,S,15,1,Bodo,MID,Fv,R,4,Alga,2,354
S151_Bodo_FvR5,S,15,1,Bodo,MID,Fv,R,5,Alga,2,355
S151_Bodo_FvR6,S,15,1,Bodo,MID,Fv,R,6,Alga,2,356
S151_Bodo_FvV1,S,15,1,Bodo,MID,Fv,V,1,Alga,1,357
S151_Bodo_FvV2,S,15,1,Bodo,MID,Fv,V,2,Alga,1,358
S151_Bodo_FvV3,S,15,1,Bodo,MID,Fv,V,3,Alga,1,359
S151_Bodo_FvV4,S,15,1,Bodo,MID,Fv,V,4,Alga,2,360
S151_Bodo_FvV5,S,15,1,Bodo,MID,Fv,V,5,Alga,2,361
S151_Bodo_FvV6,S,15,1,Bodo,MID,Fv,V,6,Alga,2,362
S152_Bodo_FvH1,S,15,2,Bodo,MID,Fv,H,1,Alga,1,740
S152_Bodo_FvH2,S,15,2,Bodo,MID,Fv,H,2,Alga,1,741
S152_Bodo_FvH3,S,15,2,Bodo,MID,Fv,H,3,Alga,1,742
S152_Bodo_FvH4,S,15,2,Bodo,MID,Fv,H,4,Alga,2,743
S152_Bodo_FvH5,S,15,2,Bodo,MID,Fv,H,5,Alga,2,744
S152_Bodo_FvH6,S,15,2,Bodo,MID,Fv,H,6,Alga,2,745
S152_Bodo_FvR1,S,15,2,Bodo,MID,Fv,R,1,Alga,1,746
S152_Bodo_FvR2,S,15,2,Bodo,MID,Fv,R,2,Alga,1,747
S152_Bodo_FvR3,S,15,2,Bodo,MID,Fv,R,3,Alga,1,748
S152_Bodo_FvR4,S,15,2,Bodo,MID,Fv,R,4,Alga,2,749
S152_Bodo_FvR5,S,15,2,Bodo,MID,Fv,R,5,Alga,2,750
S152_Bodo_FvR6,S,15,2,Bodo,MID,Fv,R,6,Alga,2,751
S152_Bodo_FvV1,S,15,2,Bodo,MID,Fv,V,1,Alga,1,752
S152_Bodo_FvV2,S,15,2,Bodo,MID,Fv,V,2,Alga,1,753
S152_Bodo_FvV3,S,15,2,Bodo,MID,Fv,V,3,Alga,1,754
S152_Bodo_FvV4,S,15,2,Bodo,MID,Fv,V,4,Alga,2,755
S152_Bodo_FvV5,S,15,2,Bodo,MID,Fv,V,5,Alga,2,756
S152_Bodo_FvV6,S,15,2,Bodo,MID,Fv,V,6,Alga,2,757
S161_Bodo_FvH1,S,16,1,Bodo,MID,Fv,H,1,Alga,1,1103
S161_Bodo_FvH2,S,16,1,Bodo,MID,Fv,H,2,Alga,1,1104
S161_Bodo_FvH3,S,16,1,Bodo,MID,Fv,H,3,Alga,1,1105
S161_Bodo_FvH4,S,16,1,Bodo,MID,Fv,H,4,Alga,2,1106
S161_Bodo_FvH5,S,16,1,Bodo,MID,Fv,H,5,Alga,2,1107
S161_Bodo_FvH6,S,16,1,Bodo,MID,Fv,H,6,Alga,2,1108
S161_Bodo_FvR4,S,16,1,Bodo,MID,Fv,R,4,Alga,2,1109
S161_Bodo_FvV1,S,16,1,Bodo,MID,Fv,V,1,Alga,1,1110
S161_Bodo_FvV2,S,16,1,Bodo,MID,Fv,V,2,Alga,1,1111
S161_Bodo_FvV3,S,16,1,Bodo,MID,Fv,V,3,Alga,1,1112
S161_Bodo_FvV4,S,16,1,Bodo,MID,Fv,V,4,Alga,2,1113
S161_Bodo_FvV5,S,16,1,Bodo,MID,Fv,V,5,Alga,2,1114
S161_Bodo_FvV6,S,16,1,Bodo,MID,Fv,V,6,Alga,2,1115
S162_Bodo_FvH1,S,16,2,Bodo,MID,Fv,H,1,Alga,1,1398
S162_Bodo_FvH3,S,16,2,Bodo,MID,Fv,H,3,Alga,1,1399
S162_Bodo_FvH4,S,16,2,Bodo,MID,Fv,H,4,Alga,2,1400
S162_Bodo_FvH5,S,16,2,Bodo,MID,Fv,H,5,Alga,2,1401
S162_Bodo_FvH6,S,16,2,Bodo,MID,Fv,H,6,Alga,2,1402
S162_Bodo_FvR1,S,16,2,Bodo,MID,Fv,R,1,Alga,1,1403
S162_Bodo_FvR3,S,16,2,Bodo,MID,Fv,R,3,Alga,1,1404
S162_Bodo_FvR6,S,16,2,Bodo,MID,Fv,R,6,Alga,2,1405
S162_Bodo_FvV1,S,16,2,Bodo,MID,Fv,V,1,Alga,1,1406
S162_Bodo_FvV2,S,16,2,Bodo,MID,Fv,V,2,Alga,1,1407
S162_Bodo_FvV3,S,16,2,Bodo,MID,Fv,V,3,Alga,1,1408
S162_Bodo_FvV4,S,16,2,Bodo,MID,Fv,V,4,Alga,2,1409
S162_Bodo_FvV5,S,16,2,Bodo,MID,Fv,V,5,Alga,2,1410
S162_Bodo_FvV6,S,16,2,Bodo,MID,Fv,V,6,Alga,2,1411
S151_Bodo_PuB1,S,15,1,Bodo,MID,Pu,B,1,Alga,1,363
S151_Bodo_PuB2,S,15,1,Bodo,MID,Pu,B,2,Alga,1,364
S151_Bodo_PuB3,S,15,1,Bodo,MID,Pu,B,3,Alga,1,365
S151_Bodo_PuB4,S,15,1,Bodo,MID,Pu,B,4,Alga,2,366
S151_Bodo_PuB5,S,15,1,Bodo,MID,Pu,B,5,Alga,2,367
S151_Bodo_PuB6,S,15,1,Bodo,MID,Pu,B,6,Alga,2,368
S151_Bodo_PuH1,S,15,1,Bodo,MID,Pu,H,1,Alga,1,369
S151_Bodo_PuH2,S,15,1,Bodo,MID,Pu,H,2,Alga,1,370
S151_Bodo_PuH3,S,15,1,Bodo,MID,Pu,H,3,Alga,1,371
S151_Bodo_PuH4,S,15,1,Bodo,MID,Pu,H,4,Alga,2,372
S151_Bodo_PuH5,S,15,1,Bodo,MID,Pu,H,5,Alga,2,373
S151_Bodo_PuH6,S,15,1,Bodo,MID,Pu,H,6,Alga,2,374
S152_Bodo_PuB1,S,15,2,Bodo,MID,Pu,B,1,Alga,1,758
S152_Bodo_PuB2,S,15,2,Bodo,MID,Pu,B,2,Alga,1,759
S152_Bodo_PuB3,S,15,2,Bodo,MID,Pu,B,3,Alga,1,760
S152_Bodo_PuB4,S,15,2,Bodo,MID,Pu,B,4,Alga,2,761
S152_Bodo_PuB5,S,15,2,Bodo,MID,Pu,B,5,Alga,2,762
S152_Bodo_PuB6,S,15,2,Bodo,MID,Pu,B,6,Alga,2,763
S152_Bodo_PuH1,S,15,2,Bodo,MID,Pu,H,1,Alga,1,764
S152_Bodo_PuH2,S,15,2,Bodo,MID,Pu,H,2,Alga,1,765
S152_Bodo_PuH3,S,15,2,Bodo,MID,Pu,H,3,Alga,1,766
S152_Bodo_PuH4,S,15,2,Bodo,MID,Pu,H,4,Alga,2,767
S152_Bodo_PuH5,S,15,2,Bodo,MID,Pu,H,5,Alga,2,768
S152_Bodo_PuH6,S,15,2,Bodo,MID,Pu,H,6,Alga,2,769
S161_Bodo_PuB1,S,16,1,Bodo,MID,Pu,B,1,Alga,1,1116
S161_Bodo_PuB2,S,16,1,Bodo,MID,Pu,B,2,Alga,1,1117
S161_Bodo_PuB3,S,16,1,Bodo,MID,Pu,B,3,Alga,1,1118
S161_Bodo_PuB4,S,16,1,Bodo,MID,Pu,B,4,Alga,2,1119
S161_Bodo_PuB5,S,16,1,Bodo,MID,Pu,B,5,Alga,2,1120
S161_Bodo_PuB6,S,16,1,Bodo,MID,Pu,B,6,Alga,2,1121
S161_Bodo_PuH1,S,16,1,Bodo,MID,Pu,H,1,Alga,1,1122
S161_Bodo_PuH2,S,16,1,Bodo,MID,Pu,H,2,Alga,1,1123
S161_Bodo_PuH3,S,16,1,Bodo,MID,Pu,H,3,Alga,1,1124
S161_Bodo_PuH4,S,16,1,Bodo,MID,Pu,H,4,Alga,2,1125
S161_Bodo_PuH5,S,16,1,Bodo,MID,Pu,H,5,Alga,2,1126
S161_Bodo_PuH6,S,16,1,Bodo,MID,Pu,H,6,Alga,2,1127
S162_Bodo_PuB1,S,16,2,Bodo,MID,Pu,B,1,Alga,1,1412
S162_Bodo_PuB2,S,16,2,Bodo,MID,Pu,B,2,Alga,1,1413
S162_Bodo_PuB3,S,16,2,Bodo,MID,Pu,B,3,Alga,1,1414
S162_Bodo_PuB4,S,16,2,Bodo,MID,Pu,B,4,Alga,2,1415
S162_Bodo_PuB5,S,16,2,Bodo,MID,Pu,B,5,Alga,2,1416
S162_Bodo_PuB6,S,16,2,Bodo,MID,Pu,B,6,Alga,2,1417
S162_Bodo_PuH1,S,16,2,Bodo,MID,Pu,H,1,Alga,1,1418
S162_Bodo_PuH2,S,16,2,Bodo,MID,Pu,H,2,Alga,1,1419
S162_Bodo_PuH3,S,16,2,Bodo,MID,Pu,H,3,Alga,1,1420
S162_Bodo_PuH4,S,16,2,Bodo,MID,Pu,H,4,Alga,2,1421
S162_Bodo_PuH5,S,16,2,Bodo,MID,Pu,H,5,Alga,2,1422
S162_Bodo_PuH6,S,16,2,Bodo,MID,Pu,H,6,Alga,2,1423
S151_Bodo_RockA,S,15,1,Bodo,MID,Rock,Rock,1,Rock,1,375
S151_Bodo_RockB,S,15,1,Bodo,MID,Rock,Rock,1,Rock,1,376
S151_Bodo_RockTr1,S,15,1,Bodo,MID,Rock,Rock,2,Rock,1,377
S151_Bodo_RockTr2,S,15,1,Bodo,MID,Rock,Rock,2,Rock,1,378
S152_Bodo_Rock_Tr1,S,15,2,Bodo,MID,Rock,Rock,1,Rock,1,770
S152_Bodo_Rock_Tr2,S,15,2,Bodo,MID,Rock,Rock,1,Rock,2,771
S152_Bodo_RockA1,S,15,2,Bodo,MID,Rock,Rock,1,Rock,1,772
S152_Bodo_RockA2,S,15,2,Bodo,MID,Rock,Rock,2,Rock,1,773
S152_Cad_0_2micA,S,15,2,Cad,MID,filter,filter,1,0.2filter,1,776
S152_Cad_0_2micB,S,15,2,Cad,MID,filter,filter,1,0.2filter,2,777
S152_Cad_5_0micA,S,15,2,Cad,MID,filter,filter,1,5.0filter,1,778
S152_Cad_5_0micB,S,15,2,Cad,MID,filter,filter,1,5.0filter,2,779
S161_Cad_A_0_2filter,S,16,1,Cad,MID,filter,filter,1,0.2filter,1,1128
S161_Cad_B_0_2filter,S,16,1,Cad,MID,filter,filter,1,0.2filter,2,1129
S162_Cad_A_0_2filter,S,16,2,Cad,MID,filter,filter,1,0.2filter,1,1424
S162_Cad_B_0_2filter,S,16,2,Cad,MID,filter,filter,1,0.2filter,2,1425
S151_Cad_FvH1,S,15,1,Cad,MID,Fv,H,1,Alga,1,381
S151_Cad_FvH2,S,15,1,Cad,MID,Fv,H,2,Alga,1,382
S151_Cad_FvH3,S,15,1,Cad,MID,Fv,H,3,Alga,1,383
S151_Cad_FvH4,S,15,1,Cad,MID,Fv,H,4,Alga,2,384
S151_Cad_FvH5,S,15,1,Cad,MID,Fv,H,5,Alga,2,385
S151_Cad_FvH6,S,15,1,Cad,MID,Fv,H,6,Alga,2,386
S151_Cad_FvR1,S,15,1,Cad,MID,Fv,R,1,Alga,1,387
S151_Cad_FvR2,S,15,1,Cad,MID,Fv,R,2,Alga,1,388
S151_Cad_FvR3,S,15,1,Cad,MID,Fv,R,3,Alga,1,389
S151_Cad_FvR4,S,15,1,Cad,MID,Fv,R,4,Alga,2,390
S151_Cad_FvR5,S,15,1,Cad,MID,Fv,R,5,Alga,2,391
S151_Cad_FvV1,S,15,1,Cad,MID,Fv,V,1,Alga,1,392
S151_Cad_FvV2,S,15,1,Cad,MID,Fv,V,2,Alga,1,393
S151_Cad_FvV3,S,15,1,Cad,MID,Fv,V,3,Alga,1,394
S151_Cad_FvV4,S,15,1,Cad,MID,Fv,V,4,Alga,2,395
S151_Cad_FvV5,S,15,1,Cad,MID,Fv,V,5,Alga,2,396
S151_Cad_FvV6,S,15,1,Cad,MID,Fv,V,6,Alga,2,397
S152_Cad_FvH1,S,15,2,Cad,MID,Fv,H,1,Alga,1,780
S152_Cad_FvH2,S,15,2,Cad,MID,Fv,H,2,Alga,1,781
S152_Cad_FvH3,S,15,2,Cad,MID,Fv,H,3,Alga,1,782
S152_Cad_FvH4,S,15,2,Cad,MID,Fv,H,4,Alga,2,783
S152_Cad_FvH5,S,15,2,Cad,MID,Fv,H,5,Alga,2,784
S152_Cad_FvH6,S,15,2,Cad,MID,Fv,H,6,Alga,2,785
S152_Cad_FvR1,S,15,2,Cad,MID,Fv,R,1,Alga,1,786
S152_Cad_FvR2,S,15,2,Cad,MID,Fv,R,2,Alga,1,787
S152_Cad_FvR3,S,15,2,Cad,MID,Fv,R,3,Alga,1,788
S152_Cad_FvR4,S,15,2,Cad,MID,Fv,R,4,Alga,2,789
S152_Cad_FvR5,S,15,2,Cad,MID,Fv,R,5,Alga,2,790
S152_Cad_FvR6,S,15,2,Cad,MID,Fv,R,6,Alga,2,791
S152_Cad_FvV1,S,15,2,Cad,MID,Fv,V,1,Alga,1,792
S152_Cad_FvV2,S,15,2,Cad,MID,Fv,V,2,Alga,1,793
S152_Cad_FvV3,S,15,2,Cad,MID,Fv,V,3,Alga,1,794
S152_Cad_FvV4,S,15,2,Cad,MID,Fv,V,4,Alga,2,795
S152_Cad_FvV5,S,15,2,Cad,MID,Fv,V,5,Alga,2,796
S152_Cad_FvV6,S,15,2,Cad,MID,Fv,V,6,Alga,2,797
S161_Cad_FvH1,S,16,1,Cad,MID,Fv,H,1,Alga,1,1130
S161_Cad_FvH2,S,16,1,Cad,MID,Fv,H,2,Alga,1,1131
S161_Cad_FvH3,S,16,1,Cad,MID,Fv,H,3,Alga,1,1132
S161_Cad_FvH4,S,16,1,Cad,MID,Fv,H,4,Alga,2,1133
S161_Cad_FvH5,S,16,1,Cad,MID,Fv,H,5,Alga,2,1134
S161_Cad_FvH6,S,16,1,Cad,MID,Fv,H,6,Alga,2,1135
S161_Cad_FvR4,S,16,1,Cad,MID,Fv,R,4,Alga,2,1136
S161_Cad_FvR5,S,16,1,Cad,MID,Fv,R,5,Alga,2,1137
S161_Cad_FvV1,S,16,1,Cad,MID,Fv,V,1,Alga,1,1138
S161_Cad_FvV2,S,16,1,Cad,MID,Fv,V,2,Alga,1,1139
S161_Cad_FvV3,S,16,1,Cad,MID,Fv,V,3,Alga,1,1140
S161_Cad_FvV4,S,16,1,Cad,MID,Fv,V,4,Alga,2,1141
S161_Cad_FvV5,S,16,1,Cad,MID,Fv,V,5,Alga,2,1142
S161_Cad_FvV6,S,16,1,Cad,MID,Fv,V,6,Alga,2,1143
S162_Cad_FvH2,S,16,2,Cad,MID,Fv,H,2,Alga,1,1426
S162_Cad_FvH3,S,16,2,Cad,MID,Fv,H,3,Alga,1,1427
S162_Cad_FvH4,S,16,2,Cad,MID,Fv,H,4,Alga,2,1428
S162_Cad_FvH5,S,16,2,Cad,MID,Fv,H,5,Alga,2,1429
S162_Cad_FvH6,S,16,2,Cad,MID,Fv,H,6,Alga,2,1430
S162_Cad_FvR2,S,16,2,Cad,MID,Fv,R,2,Alga,1,1431
S162_Cad_FvR3,S,16,2,Cad,MID,Fv,R,3,Alga,1,1432
S162_Cad_FvR4,S,16,2,Cad,MID,Fv,R,4,Alga,2,1433
S162_Cad_FvV1,S,16,2,Cad,MID,Fv,V,1,Alga,1,1434
S162_Cad_FvV2,S,16,2,Cad,MID,Fv,V,2,Alga,1,1435
S162_Cad_FvV4,S,16,2,Cad,MID,Fv,V,4,Alga,2,1436
S162_Cad_FvV5,S,16,2,Cad,MID,Fv,V,5,Alga,2,1437
S162_Cad_FvV6,S,16,2,Cad,MID,Fv,V,6,Alga,2,1438
S152_Cad_RockA,S,15,2,Cad,MID,Rock,Rock,1,Rock,1,798
S152_Cad_RockB,S,15,2,Cad,MID,Rock,Rock,1,Rock,2,799
S161_Cad_RockA,S,16,1,Cad,MID,Rock,Rock,1,Rock,1,1144
S161_Cad_RockB,S,16,1,Cad,MID,Rock,Rock,1,Rock,1,1145
S162_Cad_RockA,S,16,2,Cad,MID,Rock,Rock,1,Rock,1,1439
S162_Cad_RockB,S,16,2,Cad,MID,Rock,Rock,1,Rock,2,1440
S151_SB_0_2micA,S,15,1,Cad,MID,filter,filter,1,0.2filter,1,491
S151_SB_0_2micB,S,15,1,Cad,MID,filter,filter,1,0.2filter,2,492
S151_SB_7_0micA,S,15,1,Cad,MID,filter,filter,1,7.0filter,1,493
S151_SB_7_0micB,S,15,1,Cad,MID,filter,filter,1,7.0filter,2,494
S151_SB_RockA,S,15,1,Cad,MID,Rock,Rock,1,Rock,1,495
S151_SB_RockB,S,15,1,Cad,MID,Rock,Rock,2,Rock,2,496
S161_Green_FvH1,S,16,1,Green,MID,Fd,H,1,Alga,1,1146
S161_Green_FvH2,S,16,1,Green,MID,Fd,H,2,Alga,1,1147
S161_Green_FvH3,S,16,1,Green,MID,Fd,H,3,Alga,1,1148
S161_Green_FvH4,S,16,1,Green,MID,Fd,H,4,Alga,2,1149
S161_Green_FvH5,S,16,1,Green,MID,Fd,H,5,Alga,2,1150
S161_Green_FvH6,S,16,1,Green,MID,Fd,H,6,Alga,2,1151
S161_Green_FvR4,S,16,1,Green,MID,Fd,R,4,Alga,2,1152
S161_Green_FvV1,S,16,1,Green,MID,Fd,V,1,Alga,1,1153
S161_Green_FvV2,S,16,1,Green,MID,Fd,V,2,Alga,1,1154
S161_Green_FvV3,S,16,1,Green,MID,Fd,V,3,Alga,1,1155
S161_Green_FvV4,S,16,1,Green,MID,Fd,V,4,Alga,2,1156
S161_Green_FvV5,S,16,1,Green,MID,Fd,V,5,Alga,2,1157
S161_Green_FvV6,S,16,1,Green,MID,Fd,V,6,Alga,2,1158
S151_Hali_TraB_0_2mic,S,15,1,Hali,MID,filter,filter,1,0.2filter,2,421
S152_Hali_TraB_0_2mic,S,15,2,Hali,MID,filter,filter,1,0.2filter,2,821
S151_Hali_FvH1,S,15,1,Hali,MID,Fv,H,1,Alga,1,402
S151_Hali_FvH2,S,15,1,Hali,MID,Fv,H,2,Alga,1,403
S151_Hali_FvH3,S,15,1,Hali,MID,Fv,H,3,Alga,1,404
S151_Hali_FvH4,S,15,1,Hali,MID,Fv,H,4,Alga,2,405
S151_Hali_FvH5,S,15,1,Hali,MID,Fv,H,5,Alga,2,406
S151_Hali_FvH6,S,15,1,Hali,MID,Fv,H,6,Alga,2,407
S151_Hali_FvR1,S,15,1,Hali,MID,Fv,R,1,Alga,1,408
S151_Hali_FvR2,S,15,1,Hali,MID,Fv,R,2,Alga,1,409
S151_Hali_FvR3,S,15,1,Hali,MID,Fv,R,3,Alga,1,410
S151_Hali_FvR4,S,15,1,Hali,MID,Fv,R,4,Alga,2,411
S151_Hali_FvR5,S,15,1,Hali,MID,Fv,R,5,Alga,2,412
S151_Hali_FvR6,S,15,1,Hali,MID,Fv,R,6,Alga,2,413
S151_Hali_FvV1,S,15,1,Hali,MID,Fv,V,1,Alga,1,414
S151_Hali_FvV2,S,15,1,Hali,MID,Fv,V,2,Alga,1,415
S151_Hali_FvV3,S,15,1,Hali,MID,Fv,V,3,Alga,1,416
S151_Hali_FvV4,S,15,1,Hali,MID,Fv,V,4,Alga,2,417
S151_Hali_FvV5,S,15,1,Hali,MID,Fv,V,5,Alga,2,418
S151_Hali_FvV6,S,15,1,Hali,MID,Fv,V,6,Alga,2,419
S152_Hali_FvH1,S,15,2,Hali,MID,Fv,H,1,Alga,1,802
S152_Hali_FvH2,S,15,2,Hali,MID,Fv,H,2,Alga,1,803
S152_Hali_FvH3,S,15,2,Hali,MID,Fv,H,3,Alga,1,804
S152_Hali_FvH4,S,15,2,Hali,MID,Fv,H,4,Alga,2,805
S152_Hali_FvH5,S,15,2,Hali,MID,Fv,H,5,Alga,2,806
S152_Hali_FvH6,S,15,2,Hali,MID,Fv,H,6,Alga,2,807
S152_Hali_FvR1,S,15,2,Hali,MID,Fv,R,1,Alga,1,808
S152_Hali_FvR2,S,15,2,Hali,MID,Fv,R,2,Alga,1,809
S152_Hali_FvR3,S,15,2,Hali,MID,Fv,R,3,Alga,1,810
S152_Hali_FvR4,S,15,2,Hali,MID,Fv,R,4,Alga,2,811
S152_Hali_FvR5,S,15,2,Hali,MID,Fv,R,5,Alga,2,812
S152_Hali_FvR6,S,15,2,Hali,MID,Fv,R,6,Alga,2,813
S152_Hali_FvV1,S,15,2,Hali,MID,Fv,V,1,Alga,1,814
S152_Hali_FvV2,S,15,2,Hali,MID,Fv,V,2,Alga,1,815
S152_Hali_FvV3,S,15,2,Hali,MID,Fv,V,3,Alga,1,816
S152_Hali_FvV4,S,15,2,Hali,MID,Fv,V,4,Alga,2,817
S152_Hali_FvV5,S,15,2,Hali,MID,Fv,V,5,Alga,2,818
S152_Hali_FvV6,S,15,2,Hali,MID,Fv,V,6,Alga,2,819
S161_Hali_FvH1,S,16,1,Hali,MID,Fv,H,1,Alga,1,1159
S161_Hali_FvH2,S,16,1,Hali,MID,Fv,H,2,Alga,1,1160
S161_Hali_FvH3,S,16,1,Hali,MID,Fv,H,3,Alga,1,1161
S161_Hali_FvH4,S,16,1,Hali,MID,Fv,H,4,Alga,2,1162
S161_Hali_FvH5,S,16,1,Hali,MID,Fv,H,5,Alga,2,1163
S161_Hali_FvH6,S,16,1,Hali,MID,Fv,H,6,Alga,2,1164
S161_Hali_FvR1,S,16,1,Hali,MID,Fv,R,1,Alga,1,1165
S161_Hali_FvR3,S,16,1,Hali,MID,Fv,R,3,Alga,1,1166
S161_Hali_FvR4,S,16,1,Hali,MID,Fv,R,4,Alga,2,1167
S161_Hali_FvR5,S,16,1,Hali,MID,Fv,R,5,Alga,2,1168
S161_Hali_FvR6,S,16,1,Hali,MID,Fv,R,6,Alga,2,1169
S161_Hali_FvV1,S,16,1,Hali,MID,Fv,V,1,Alga,1,1170
S161_Hali_FvV2,S,16,1,Hali,MID,Fv,V,2,Alga,1,1171
S161_Hali_FvV3,S,16,1,Hali,MID,Fv,V,3,Alga,1,1172
S161_Hali_FvV4,S,16,1,Hali,MID,Fv,V,4,Alga,2,1173
S161_Hali_FvV5,S,16,1,Hali,MID,Fv,V,5,Alga,2,1174
S161_Hali_FvV6,S,16,1,Hali,MID,Fv,V,6,Alga,2,1175
S151_Hali_TraA_Rock0_2,S,15,1,Hali,MID,Rock,Rock,1,Rock,1,420
S152_Hali_TraA_Rock0_2,S,15,2,Hali,MID,Rock,Rock,1,Rock,1,820
S151_Lew_Tr1_0_2mic,S,15,1,Lew,MID,filter,filter,1,0.2filter,1,440
S151_Lew_Tr2_0_2mic,S,15,1,Lew,MID,filter,filter,1,0.2filter,2,441
S152_Lew_Tr1_0_2mic,S,15,2,Lew,MID,filter,filter,1,0.2filter,1,842
S152_Lew_Tr2_0_2mic,S,15,2,Lew,MID,filter,filter,1,0.2filter,2,843
S161_Lew_A_0_2filter,S,16,1,Lew,MID,filter,filter,1,0.2filter,1,1176
S161_Lew_B_0_2filter,S,16,1,Lew,MID,filter,filter,1,0.2filter,2,1177
S162_Lew_A_0_2filter,S,16,2,Lew,MID,filter,filter,1,0.2filter,1,1441
S162_Lew_B_0_2filter,S,16,2,Lew,MID,filter,filter,1,0.2filter,2,1442
S151_Lew_FvH1,S,15,1,Lew,MID,Fv,H,1,Alga,1,422
S151_Lew_FvH2,S,15,1,Lew,MID,Fv,H,2,Alga,1,423
S151_Lew_FvH3,S,15,1,Lew,MID,Fv,H,3,Alga,1,424
S151_Lew_FvH4,S,15,1,Lew,MID,Fv,H,4,Alga,2,425
S151_Lew_FvH5,S,15,1,Lew,MID,Fv,H,5,Alga,2,426
S151_Lew_FvH6,S,15,1,Lew,MID,Fv,H,6,Alga,2,427
S151_Lew_FvR1,S,15,1,Lew,MID,Fv,R,1,Alga,1,428
S151_Lew_FvR2,S,15,1,Lew,MID,Fv,R,2,Alga,1,429
S151_Lew_FvR3,S,15,1,Lew,MID,Fv,R,3,Alga,1,430
S151_Lew_FvR4,S,15,1,Lew,MID,Fv,R,4,Alga,2,431
S151_Lew_FvR6,S,15,1,Lew,MID,Fv,R,6,Alga,2,432
S151_Lew_FvV1,S,15,1,Lew,MID,Fv,V,1,Alga,1,433
S151_Lew_FvV2,S,15,1,Lew,MID,Fv,V,2,Alga,1,434
S151_Lew_FvV3,S,15,1,Lew,MID,Fv,V,3,Alga,1,435
S151_Lew_FvV4,S,15,1,Lew,MID,Fv,V,4,Alga,2,436
S151_Lew_FvV5,S,15,1,Lew,MID,Fv,V,5,Alga,2,437
S151_Lew_FvV6,S,15,1,Lew,MID,Fv,V,6,Alga,2,438
S152_Lew_FvH1,S,15,2,Lew,MID,Fv,H,1,Alga,1,822
S152_Lew_FvH2,S,15,2,Lew,MID,Fv,H,2,Alga,1,823
S152_Lew_FvH3,S,15,2,Lew,MID,Fv,H,3,Alga,1,824
S152_Lew_FvH4,S,15,2,Lew,MID,Fv,H,4,Alga,2,825
S152_Lew_FvH5,S,15,2,Lew,MID,Fv,H,5,Alga,2,826
S152_Lew_FvH6,S,15,2,Lew,MID,Fv,H,6,Alga,2,827
S152_Lew_FvR1,S,15,2,Lew,MID,Fv,R,1,Alga,1,828
S152_Lew_FvR2,S,15,2,Lew,MID,Fv,R,2,Alga,1,829
S152_Lew_FvR3,S,15,2,Lew,MID,Fv,R,3,Alga,1,830
S152_Lew_FvR4,S,15,2,Lew,MID,Fv,R,4,Alga,2,831
S152_Lew_FvR5,S,15,2,Lew,MID,Fv,R,5,Alga,2,832
S152_Lew_FvR6,S,15,2,Lew,MID,Fv,R,6,Alga,2,833
S152_Lew_FvV1,S,15,2,Lew,MID,Fv,V,1,Alga,1,834
S152_Lew_FvV2,S,15,2,Lew,MID,Fv,V,2,Alga,1,835
S152_Lew_FvV3,S,15,2,Lew,MID,Fv,V,3,Alga,1,836
S152_Lew_FvV4,S,15,2,Lew,MID,Fv,V,4,Alga,2,837
S152_Lew_FvV5,S,15,2,Lew,MID,Fv,V,5,Alga,2,838
S152_Lew_FvV6,S,15,2,Lew,MID,Fv,V,6,Alga,2,839
S161_Lew_FvH1,S,16,1,Lew,MID,Fv,H,1,Alga,1,1178
S161_Lew_FvH2,S,16,1,Lew,MID,Fv,H,2,Alga,1,1179
S161_Lew_FvH3,S,16,1,Lew,MID,Fv,H,3,Alga,1,1180
S161_Lew_FvH4,S,16,1,Lew,MID,Fv,H,4,Alga,2,1181
S161_Lew_FvH5,S,16,1,Lew,MID,Fv,H,5,Alga,2,1182
S161_Lew_FvH6,S,16,1,Lew,MID,Fv,H,6,Alga,2,1183
S161_Lew_FvR1,S,16,1,Lew,MID,Fv,R,1,Alga,1,1184
S161_Lew_FvR2,S,16,1,Lew,MID,Fv,R,2,Alga,1,1185
S161_Lew_FvR3,S,16,1,Lew,MID,Fv,R,3,Alga,1,1186
S161_Lew_FvR6,S,16,1,Lew,MID,Fv,R,6,Alga,2,1187
S161_Lew_FvV1,S,16,1,Lew,MID,Fv,V,1,Alga,1,1188
S161_Lew_FvV2,S,16,1,Lew,MID,Fv,V,2,Alga,1,1189
S161_Lew_FvV3,S,16,1,Lew,MID,Fv,V,3,Alga,1,1190
S161_Lew_FvV4,S,16,1,Lew,MID,Fv,V,4,Alga,2,1191
S161_Lew_FvV5,S,16,1,Lew,MID,Fv,V,5,Alga,2,1192
S161_Lew_FvV6,S,16,1,Lew,MID,Fv,V,6,Alga,2,1193
S162_Lew_FvH1,S,16,2,Lew,MID,Fv,H,1,Alga,1,1443
S162_Lew_FvH2,S,16,2,Lew,MID,Fv,H,2,Alga,1,1444
S162_Lew_FvH3,S,16,2,Lew,MID,Fv,H,3,Alga,1,1445
S162_Lew_FvH4,S,16,2,Lew,MID,Fv,H,4,Alga,2,1446
S162_Lew_FvH5,S,16,2,Lew,MID,Fv,H,5,Alga,2,1447
S162_Lew_FvH6,S,16,2,Lew,MID,Fv,H,6,Alga,2,1448
S162_Lew_FvR1,S,16,2,Lew,MID,Fv,R,1,Alga,1,1449
S162_Lew_FvR2,S,16,2,Lew,MID,Fv,R,2,Alga,1,1450
S162_Lew_FvR3,S,16,2,Lew,MID,Fv,R,3,Alga,1,1451
S162_Lew_FvV2,S,16,2,Lew,MID,Fv,V,2,Alga,1,1452
S162_Lew_FvV3,S,16,2,Lew,MID,Fv,V,3,Alga,1,1453
S162_Lew_FvV4,S,16,2,Lew,MID,Fv,V,4,Alga,2,1454
S162_Lew_FvV5,S,16,2,Lew,MID,Fv,V,5,Alga,2,1455
S162_Lew_FvV6,S,16,2,Lew,MID,Fv,V,6,Alga,2,1456
S151_Lew_RockB,S,15,1,Lew,MID,Rock,Rock,1,Rock,2,439
S152_Lew_RockA,S,15,2,Lew,MID,Rock,Rock,1,Rock,1,840
S152_Lew_RockB,S,15,2,Lew,MID,Rock,Rock,1,Rock,2,841
S151_Lima_0_2micA,S,15,1,Lima,MID,filter,filter,1,0.2filter,1,442
S151_Lima_5_0micA,S,15,1,Lima,MID,filter,filter,1,5.0filter,1,443
S152_Lima_0_2micB,S,15,2,Lima,MID,filter,filter,1,0.2filter,2,844
S152_Lima_5_0micB,S,15,2,Lima,MID,filter,filter,1,5.0filter,2,845
S151_Lima_FvH1,S,15,1,Lima,MID,Fv,H,1,Alga,1,444
S151_Lima_FvH2,S,15,1,Lima,MID,Fv,H,2,Alga,1,445
S151_Lima_FvH3,S,15,1,Lima,MID,Fv,H,3,Alga,1,446
S151_Lima_FvH4,S,15,1,Lima,MID,Fv,H,4,Alga,2,447
S151_Lima_FvH5,S,15,1,Lima,MID,Fv,H,5,Alga,2,448
S151_Lima_FvH6,S,15,1,Lima,MID,Fv,H,6,Alga,2,449
S151_Lima_FvR1,S,15,1,Lima,MID,Fv,R,1,Alga,1,450
S151_Lima_FvR2,S,15,1,Lima,MID,Fv,R,2,Alga,1,451
S151_Lima_FvR3,S,15,1,Lima,MID,Fv,R,3,Alga,1,452
S151_Lima_FvR4,S,15,1,Lima,MID,Fv,R,4,Alga,2,453
S151_Lima_FvR5,S,15,1,Lima,MID,Fv,R,5,Alga,2,454
S151_Lima_FvR6,S,15,1,Lima,MID,Fv,R,6,Alga,2,455
S151_Lima_FvV1,S,15,1,Lima,MID,Fv,V,1,Alga,1,456
S151_Lima_FvV2,S,15,1,Lima,MID,Fv,V,2,Alga,1,457
S151_Lima_FvV3,S,15,1,Lima,MID,Fv,V,3,Alga,1,458
S151_Lima_FvV4,S,15,1,Lima,MID,Fv,V,4,Alga,2,459
S151_Lima_FvV5,S,15,1,Lima,MID,Fv,V,5,Alga,2,460
S151_Lima_FvV6,S,15,1,Lima,MID,Fv,V,6,Alga,2,461
S162_Mine_MID_FvH1,S,16,2,Mine,MID,Fv,H,1,Alga,1,1459
S162_Mine_MID_FvH2,S,16,2,Mine,MID,Fv,H,2,Alga,1,1460
S162_Mine_MID_FvH3,S,16,2,Mine,MID,Fv,H,3,Alga,1,1461
S162_Mine_MID_FvH4,S,16,2,Mine,MID,Fv,H,4,Alga,2,1462
S162_Mine_MID_FvH5,S,16,2,Mine,MID,Fv,H,5,Alga,2,1463
S162_Mine_MID_FvH6,S,16,2,Mine,MID,Fv,H,6,Alga,2,1464
S162_Mine_MID_FvR1,S,16,2,Mine,MID,Fv,R,1,Alga,1,1465
S162_Mine_MID_FvR2,S,16,2,Mine,MID,Fv,R,2,Alga,1,1466
S162_Mine_MID_FvR3,S,16,2,Mine,MID,Fv,R,3,Alga,1,1467
S162_Mine_MID_FvR4,S,16,2,Mine,MID,Fv,R,4,Alga,2,1468
S162_Mine_MID_FvR5,S,16,2,Mine,MID,Fv,R,5,Alga,2,1469
S162_Mine_MID_FvR6,S,16,2,Mine,MID,Fv,R,6,Alga,2,1470
S162_Mine_MID_FvV1,S,16,2,Mine,MID,Fv,V,1,Alga,1,1471
S162_Mine_MID_FvV2,S,16,2,Mine,MID,Fv,V,2,Alga,1,1472
S162_Mine_MID_FvV3,S,16,2,Mine,MID,Fv,V,3,Alga,1,1473
S162_Mine_MID_FvV5,S,16,2,Mine,MID,Fv,V,5,Alga,2,1474
S162_Mine_MID_FvV6,S,16,2,Mine,MID,Fv,V,6,Alga,2,1475
S162_Mine_A_0_2filter,S,16,2,Mine,MID,filter,filter,1,0.2filter,1,1457
S161_Mine_FvH1,S,16,1,Mine,MID,Fv,H,1,Alga,1,1194
S161_Mine_FvH2,S,16,1,Mine,MID,Fv,H,2,Alga,1,1195
S161_Mine_FvH3,S,16,1,Mine,MID,Fv,H,3,Alga,1,1196
S161_Mine_FvH4,S,16,1,Mine,MID,Fv,H,4,Alga,2,1197
S161_Mine_FvH5,S,16,1,Mine,MID,Fv,H,5,Alga,2,1198
S161_Mine_FvH6,S,16,1,Mine,MID,Fv,H,6,Alga,2,1199
S161_Mine_FvR2,S,16,1,Mine,MID,Fv,R,2,Alga,1,1200
S161_Mine_FvR3,S,16,1,Mine,MID,Fv,R,3,Alga,1,1201
S161_Mine_FvR4,S,16,1,Mine,MID,Fv,R,4,Alga,2,1202
S161_Mine_FvR5,S,16,1,Mine,MID,Fv,R,5,Alga,2,1203
S161_Mine_FvV1,S,16,1,Mine,MID,Fv,V,1,Alga,1,1204
S161_Mine_FvV2,S,16,1,Mine,MID,Fv,V,2,Alga,1,1205
S161_Mine_FvV3,S,16,1,Mine,MID,Fv,V,3,Alga,1,1206
S161_Mine_FvV4,S,16,1,Mine,MID,Fv,V,4,Alga,2,1207
S161_Mine_FvV5,S,16,1,Mine,MID,Fv,V,5,Alga,2,1208
S161_Mine_FvV6,S,16,1,Mine,MID,Fv,V,6,Alga,2,1209
S161_Mine_PuB1,S,16,1,Mine,MID,Pu,B,1,Alga,1,1210
S161_Mine_PuB3,S,16,1,Mine,MID,Pu,B,3,Alga,1,1212
S161_Mine_PuB4,S,16,1,Mine,MID,Pu,B,4,Alga,2,1213
S161_Mine_PuB6,S,16,1,Mine,MID,Pu,B,6,Alga,2,1215
S161_Mine_PuH1,S,16,1,Mine,MID,Pu,H,1,Alga,1,1216
S161_Mine_PuH2,S,16,1,Mine,MID,Pu,H,2,Alga,1,1217
S161_Mine_PuH3,S,16,1,Mine,MID,Pu,H,3,Alga,1,1218
S161_Mine_PuH4,S,16,1,Mine,MID,Pu,H,4,Alga,2,1219
S161_Mine_PuH5,S,16,1,Mine,MID,Pu,H,5,Alga,2,1220
S161_Mine_PuH6,S,16,1,Mine,MID,Pu,H,6,Alga,2,1221
S162_Mine_PuB1,S,16,2,Mine,MID,Pu,B,1,Alga,1,1476
S162_Mine_PuB2,S,16,2,Mine,MID,Pu,B,2,Alga,1,1477
S162_Mine_PuB3,S,16,2,Mine,MID,Pu,B,3,Alga,1,1478
S162_Mine_PuB4,S,16,2,Mine,MID,Pu,B,4,Alga,2,1479
S162_Mine_PuB5,S,16,2,Mine,MID,Pu,B,5,Alga,2,1480
S162_Mine_PuB6,S,16,2,Mine,MID,Pu,B,6,Alga,2,1481
S162_Mine_PuH1,S,16,2,Mine,MID,Pu,H,1,Alga,1,1482
S162_Mine_PuH2,S,16,2,Mine,MID,Pu,H,2,Alga,1,1483
S162_Mine_PuH3,S,16,2,Mine,MID,Pu,H,3,Alga,1,1484
S162_Mine_PuH4,S,16,2,Mine,MID,Pu,H,4,Alga,2,1485
S162_Mine_PuH5,S,16,2,Mine,MID,Pu,H,5,Alga,2,1486
S162_Mine_PuH6,S,16,2,Mine,MID,Pu,H,6,Alga,2,1487
S161_Mine_RockA,S,16,1,Mine,MID,Rock,Rock,1,Rock,1,1222
S161_Mine_RockB,S,16,1,Mine,MID,Rock,Rock,1,Rock,2,1223
S161_Newp_A_0_2filter,S,16,1,Newp,MID,filter,filter,1,0.2filter,1,1224
S161_Newp_B_0_2filter,S,16,1,Newp,MID,filter,filter,1,0.2filter,2,1225
S162_Newp_A_0_2filter,S,16,2,Newp,MID,filter,filter,1,0.2filter,1,1488
S162_Newp_B_0_2filter,S,16,2,Newp,MID,filter,filter,1,0.2filter,2,1489
S161_Newp_FvH1,S,16,1,Newp,MID,Fv,H,1,Alga,1,1226
S161_Newp_FvH2,S,16,1,Newp,MID,Fv,H,2,Alga,1,1227
S161_Newp_FvH3,S,16,1,Newp,MID,Fv,H,3,Alga,1,1228
S161_Newp_FvH4,S,16,1,Newp,MID,Fv,H,4,Alga,2,1229
S161_Newp_FvH5,S,16,1,Newp,MID,Fv,H,5,Alga,2,1230
S161_Newp_FvH6,S,16,1,Newp,MID,Fv,H,6,Alga,2,1231
S161_Newp_FvR2,S,16,1,Newp,MID,Fv,R,2,Alga,1,1232
S161_Newp_FvR3,S,16,1,Newp,MID,Fv,R,3,Alga,1,1233
S161_Newp_FvR4,S,16,1,Newp,MID,Fv,R,4,Alga,2,1234
S161_Newp_FvR5,S,16,1,Newp,MID,Fv,R,5,Alga,2,1235
S161_Newp_FvR6,S,16,1,Newp,MID,Fv,R,6,Alga,2,1236
S161_Newp_FvV1,S,16,1,Newp,MID,Fv,V,1,Alga,1,1237
S161_Newp_FvV2,S,16,1,Newp,MID,Fv,V,2,Alga,1,1238
S161_Newp_FvV3,S,16,1,Newp,MID,Fv,V,3,Alga,1,1239
S161_Newp_FvV4,S,16,1,Newp,MID,Fv,V,4,Alga,2,1240
S161_Newp_FvV5,S,16,1,Newp,MID,Fv,V,5,Alga,2,1241
S161_Newp_FvV6,S,16,1,Newp,MID,Fv,V,6,Alga,2,1242
S162_Newp_FvH1,S,16,2,Newp,MID,Fv,H,1,Alga,1,1490
S162_Newp_FvH2,S,16,2,Newp,MID,Fv,H,2,Alga,1,1491
S162_Newp_FvH3,S,16,2,Newp,MID,Fv,H,3,Alga,1,1492
S162_Newp_FvH4,S,16,2,Newp,MID,Fv,H,4,Alga,2,1493
S162_Newp_FvH5,S,16,2,Newp,MID,Fv,H,5,Alga,2,1494
S162_Newp_FvH6,S,16,2,Newp,MID,Fv,H,6,Alga,2,1495
S162_Newp_FvR1,S,16,2,Newp,MID,Fv,R,1,Alga,1,1496
S162_Newp_FvR2,S,16,2,Newp,MID,Fv,R,2,Alga,1,1497
S162_Newp_FvR3,S,16,2,Newp,MID,Fv,R,3,Alga,1,1498
S162_Newp_FvR4,S,16,2,Newp,MID,Fv,R,4,Alga,2,1499
S162_Newp_FvR5,S,16,2,Newp,MID,Fv,R,5,Alga,2,1500
S162_Newp_FvR6,S,16,2,Newp,MID,Fv,R,6,Alga,2,1501
S162_Newp_FvV1,S,16,2,Newp,MID,Fv,V,1,Alga,1,1502
S162_Newp_FvV2,S,16,2,Newp,MID,Fv,V,2,Alga,1,1503
S162_Newp_FvV3,S,16,2,Newp,MID,Fv,V,3,Alga,1,1504
S162_Newp_FvV4,S,16,2,Newp,MID,Fv,V,4,Alga,2,1505
S162_Newp_FvV5,S,16,2,Newp,MID,Fv,V,5,Alga,2,1506
S162_Newp_FvV6,S,16,2,Newp,MID,Fv,V,6,Alga,2,1507
S151_Oban_AFves_0_2mic,S,15,1,Oban,MID,filter,filter,1,0.2filter,1,462
S151_Oban_APum_0_2mic,S,15,1,Oban,MID,filter,filter,2,0.2filter,1,463
S152_Oban_AFves_0_2mic,S,15,2,Oban,MID,filter,filter,1,0.2filter,1,846
S152_Oban_APum_0_2mic,S,15,2,Oban,MID,filter,filter,2,0.2filter,1,847
S162_Oban_A_0_2filter,S,16,2,Oban,MID,filter,filter,1,0.2filter,1,1508
S162_Oban_B_0_2filter,S,16,2,Oban,MID,filter,filter,1,0.2filter,2,1509
S151_Oban_FvH1,S,15,1,Oban,MID,Fv,H,1,Alga,1,464
S151_Oban_FvH2,S,15,1,Oban,MID,Fv,H,2,Alga,1,465
S151_Oban_FvH3,S,15,1,Oban,MID,Fv,H,3,Alga,1,466
S151_Oban_FvH4,S,15,1,Oban,MID,Fv,H,4,Alga,2,467
S151_Oban_FvH5,S,15,1,Oban,MID,Fv,H,5,Alga,2,468
S151_Oban_FvH6,S,15,1,Oban,MID,Fv,H,6,Alga,2,469
S151_Oban_FvR1,S,15,1,Oban,MID,Fv,R,1,Alga,1,470
S151_Oban_FvR5,S,15,1,Oban,MID,Fv,R,5,Alga,2,471
S151_Oban_FvR6,S,15,1,Oban,MID,Fv,R,6,Alga,2,472
S151_Oban_FvV1,S,15,1,Oban,MID,Fv,V,1,Alga,1,473
S151_Oban_FvV2,S,15,1,Oban,MID,Fv,V,2,Alga,1,474
S151_Oban_FvV3,S,15,1,Oban,MID,Fv,V,3,Alga,1,475
S151_Oban_FvV4,S,15,1,Oban,MID,Fv,V,4,Alga,2,476
S151_Oban_FvV5,S,15,1,Oban,MID,Fv,V,5,Alga,2,477
S151_Oban_FvV6,S,15,1,Oban,MID,Fv,V,6,Alga,2,478
S152_Oban_FvH1,S,15,2,Oban,MID,Fv,H,1,Alga,1,848
S152_Oban_FvH2,S,15,2,Oban,MID,Fv,H,2,Alga,1,849
S152_Oban_FvH3,S,15,2,Oban,MID,Fv,H,3,Alga,1,850
S152_Oban_FvH4,S,15,2,Oban,MID,Fv,H,4,Alga,2,851
S152_Oban_FvH5,S,15,2,Oban,MID,Fv,H,5,Alga,2,852
S152_Oban_FvH6,S,15,2,Oban,MID,Fv,H,6,Alga,2,853
S152_Oban_FvR1,S,15,2,Oban,MID,Fv,R,1,Alga,1,854
S152_Oban_FvR2,S,15,2,Oban,MID,Fv,R,2,Alga,1,855
S152_Oban_FvR3,S,15,2,Oban,MID,Fv,R,3,Alga,1,856
S152_Oban_FvR4,S,15,2,Oban,MID,Fv,R,4,Alga,2,857
S152_Oban_FvR5,S,15,2,Oban,MID,Fv,R,5,Alga,2,858
S152_Oban_FvR6,S,15,2,Oban,MID,Fv,R,6,Alga,2,859
S152_Oban_FvV1,S,15,2,Oban,MID,Fv,V,1,Alga,1,860
S152_Oban_FvV2,S,15,2,Oban,MID,Fv,V,2,Alga,1,861
S152_Oban_FvV3,S,15,2,Oban,MID,Fv,V,3,Alga,1,862
S152_Oban_FvV4,S,15,2,Oban,MID,Fv,V,4,Alga,2,863
S152_Oban_FvV5,S,15,2,Oban,MID,Fv,V,5,Alga,2,864
S152_Oban_FvV6,S,15,2,Oban,MID,Fv,V,6,Alga,2,865
S161_Oban_FvH1,S,16,1,Oban,MID,Fv,H,1,Alga,1,1245
S161_Oban_FvH2,S,16,1,Oban,MID,Fv,H,2,Alga,1,1246
S161_Oban_FvH3,S,16,1,Oban,MID,Fv,H,3,Alga,1,1247
S161_Oban_FvH4,S,16,1,Oban,MID,Fv,H,4,Alga,2,1248
S161_Oban_FvH5,S,16,1,Oban,MID,Fv,H,5,Alga,2,1249
S161_Oban_FvH6,S,16,1,Oban,MID,Fv,H,6,Alga,2,1250
S161_Oban_FvR1,S,16,1,Oban,MID,Fv,R,1,Alga,1,1251
S161_Oban_FvR2,S,16,1,Oban,MID,Fv,R,2,Alga,1,1252
S161_Oban_FvR3,S,16,1,Oban,MID,Fv,R,3,Alga,1,1253
S161_Oban_FvR5,S,16,1,Oban,MID,Fv,R,5,Alga,2,1254
S161_Oban_FvV1,S,16,1,Oban,MID,Fv,V,1,Alga,1,1255
S161_Oban_FvV2,S,16,1,Oban,MID,Fv,V,2,Alga,1,1256
S161_Oban_FvV3,S,16,1,Oban,MID,Fv,V,3,Alga,1,1257
S161_Oban_FvV4,S,16,1,Oban,MID,Fv,V,4,Alga,2,1258
S161_Oban_FvV5,S,16,1,Oban,MID,Fv,V,5,Alga,2,1259
S161_Oban_FvV6,S,16,1,Oban,MID,Fv,V,6,Alga,2,1260
S162_Oban_FvH1,S,16,2,Oban,MID,Fv,H,1,Alga,1,1510
S162_Oban_FvH2,S,16,2,Oban,MID,Fv,H,2,Alga,1,1511
S162_Oban_FvH3,S,16,2,Oban,MID,Fv,H,3,Alga,1,1512
S162_Oban_FvH4,S,16,2,Oban,MID,Fv,H,4,Alga,2,1513
S162_Oban_FvH5,S,16,2,Oban,MID,Fv,H,5,Alga,2,1514
S162_Oban_FvH6,S,16,2,Oban,MID,Fv,H,6,Alga,2,1515
S162_Oban_FvR3,S,16,2,Oban,MID,Fv,R,3,Alga,1,1516
S162_Oban_FvR4,S,16,2,Oban,MID,Fv,R,4,Alga,2,1517
S162_Oban_FvV1,S,16,2,Oban,MID,Fv,V,1,Alga,1,1518
S162_Oban_FvV2,S,16,2,Oban,MID,Fv,V,2,Alga,1,1519
S162_Oban_FvV3,S,16,2,Oban,MID,Fv,V,3,Alga,1,1520
S162_Oban_FvV4,S,16,2,Oban,MID,Fv,V,4,Alga,2,1521
S162_Oban_FvV5,S,16,2,Oban,MID,Fv,V,5,Alga,2,1522
S162_Oban_FvV6,S,16,2,Oban,MID,Fv,V,6,Alga,2,1523
S151_Oban_PuB1,S,15,1,Oban,MID,Pu,B,1,Alga,1,479
S151_Oban_PuB2,S,15,1,Oban,MID,Pu,B,2,Alga,1,480
S151_Oban_PuB3,S,15,1,Oban,MID,Pu,B,3,Alga,1,481
S151_Oban_PuB4,S,15,1,Oban,MID,Pu,B,4,Alga,2,482
S151_Oban_PuB5,S,15,1,Oban,MID,Pu,B,5,Alga,2,483
S151_Oban_PuB6,S,15,1,Oban,MID,Pu,B,6,Alga,2,484
S151_Oban_PuH1,S,15,1,Oban,MID,Pu,H,1,Alga,1,485
S151_Oban_PuH2,S,15,1,Oban,MID,Pu,H,2,Alga,1,486
S151_Oban_PuH3,S,15,1,Oban,MID,Pu,H,3,Alga,1,487
S151_Oban_PuH4,S,15,1,Oban,MID,Pu,H,4,Alga,2,488
S151_Oban_PuH5,S,15,1,Oban,MID,Pu,H,5,Alga,2,489
S151_Oban_PuH6,S,15,1,Oban,MID,Pu,H,6,Alga,2,490
S152_Oban_PuB1,S,15,2,Oban,MID,Pu,B,1,Alga,1,866
S152_Oban_PuB2,S,15,2,Oban,MID,Pu,B,2,Alga,1,867
S152_Oban_PuB3,S,15,2,Oban,MID,Pu,B,3,Alga,1,868
S152_Oban_PuB4,S,15,2,Oban,MID,Pu,B,4,Alga,2,869
S152_Oban_PuB5,S,15,2,Oban,MID,Pu,B,5,Alga,2,870
S152_Oban_PuB6,S,15,2,Oban,MID,Pu,B,6,Alga,2,871
S152_Oban_PuH1,S,15,2,Oban,MID,Pu,H,1,Alga,1,872
S152_Oban_PuH2,S,15,2,Oban,MID,Pu,H,2,Alga,1,873
S152_Oban_PuH3,S,15,2,Oban,MID,Pu,H,3,Alga,1,874
S152_Oban_PuH4,S,15,2,Oban,MID,Pu,H,4,Alga,2,875
S152_Oban_PuH5,S,15,2,Oban,MID,Pu,H,5,Alga,2,876
S152_Oban_PuH6,S,15,2,Oban,MID,Pu,H,6,Alga,2,877
S161_Oban_PuB1,S,16,1,Oban,MID,Pu,B,1,Alga,1,1261
S161_Oban_PuB2,S,16,1,Oban,MID,Pu,B,2,Alga,1,1262
S161_Oban_PuB3,S,16,1,Oban,MID,Pu,B,3,Alga,1,1263
S161_Oban_PuB4,S,16,1,Oban,MID,Pu,B,4,Alga,2,1264
S161_Oban_PuB5,S,16,1,Oban,MID,Pu,B,5,Alga,2,1265
S161_Oban_PuB6,S,16,1,Oban,MID,Pu,B,6,Alga,2,1266
S161_Oban_PuH1,S,16,1,Oban,MID,Pu,H,1,Alga,1,1267
S161_Oban_PuH2,S,16,1,Oban,MID,Pu,H,2,Alga,1,1268
S161_Oban_PuH3,S,16,1,Oban,MID,Pu,H,3,Alga,1,1269
S161_Oban_PuH4,S,16,1,Oban,MID,Pu,H,4,Alga,2,1270
S161_Oban_PuH5,S,16,1,Oban,MID,Pu,H,5,Alga,2,1271
S161_Oban_PuH6,S,16,1,Oban,MID,Pu,H,6,Alga,2,1272
S162_Oban_PuB1,S,16,2,Oban,MID,Pu,B,1,Alga,1,1524
S162_Oban_PuB2,S,16,2,Oban,MID,Pu,B,2,Alga,1,1525
S162_Oban_PuB3,S,16,2,Oban,MID,Pu,B,3,Alga,1,1526
S162_Oban_PuB4,S,16,2,Oban,MID,Pu,B,4,Alga,2,1527
S162_Oban_PuB5,S,16,2,Oban,MID,Pu,B,5,Alga,2,1528
S162_Oban_PuB6,S,16,2,Oban,MID,Pu,B,6,Alga,2,1529
S162_Oban_PuH1,S,16,2,Oban,MID,Pu,H,1,Alga,1,1530
S162_Oban_PuH2,S,16,2,Oban,MID,Pu,H,2,Alga,1,1531
S162_Oban_PuH3,S,16,2,Oban,MID,Pu,H,3,Alga,1,1532
S162_Oban_PuH4,S,16,2,Oban,MID,Pu,H,4,Alga,2,1533
S162_Oban_PuH5,S,16,2,Oban,MID,Pu,H,5,Alga,2,1534
S162_Oban_PuH6,S,16,2,Oban,MID,Pu,H,6,Alga,2,1535
S152_Oban_RockA1,S,15,2,Oban,MID,Rock,Rock,1,Rock,1,878
S152_Oban_RockA2,S,15,2,Oban,MID,Rock,Rock,2,Rock,1,879
S152_SCH_AHi_0_2mic,S,15,2,SCH,HI,filter,filter,1,0.2filter,1,880
S152_SCH_BHi_0_2mic,S,15,2,SCH,HI,filter,filter,1,0.2filter,2,883
S161_SCH_0_2mic_AHI,S,16,1,SCH,HI,filter,filter,1,0.2filter,1,1273
S161_SCH_0_2mic_BHI,S,16,1,SCH,HI,filter,filter,1,0.2filter,2,1275
S162_SCH_0_2mic_AHI,S,16,2,SCH,HI,filter,filter,1,0.2filter,1,1536
S162_SCH_0_2mic_BHI,S,16,2,SCH,HI,filter,filter,1,0.2filter,2,1539
S151_SCH_HI_FsH1,S,15,1,SCH,HI,Fs,H,1,Alga,1,497
S151_SCH_HI_FsH2,S,15,1,SCH,HI,Fs,H,2,Alga,1,498
S151_SCH_HI_FsH3,S,15,1,SCH,HI,Fs,H,3,Alga,1,499
S151_SCH_HI_FsH4,S,15,1,SCH,HI,Fs,H,4,Alga,2,500
S151_SCH_HI_FsH5,S,15,1,SCH,HI,Fs,H,5,Alga,2,501
S151_SCH_HI_FsH6,S,15,1,SCH,HI,Fs,H,6,Alga,2,502
S151_SCH_HI_FsR3,S,15,1,SCH,HI,Fs,R,3,Alga,1,503
S151_SCH_HI_FsR4,S,15,1,SCH,HI,Fs,R,4,Alga,2,504
S151_SCH_HI_FsR5,S,15,1,SCH,HI,Fs,R,5,Alga,2,505
S151_SCH_HI_FsR6,S,15,1,SCH,HI,Fs,R,6,Alga,2,506
S151_SCH_HI_FsV1,S,15,1,SCH,HI,Fs,V,1,Alga,1,507
S151_SCH_HI_FsV2,S,15,1,SCH,HI,Fs,V,2,Alga,1,508
S151_SCH_HI_FsV3,S,15,1,SCH,HI,Fs,V,3,Alga,1,509
S151_SCH_HI_FsV4,S,15,1,SCH,HI,Fs,V,4,Alga,2,510
S151_SCH_HI_FsV5,S,15,1,SCH,HI,Fs,V,5,Alga,2,511
S151_SCH_HI_FsV6,S,15,1,SCH,HI,Fs,V,6,Alga,2,512
S152_SCH_HI_FsH1,S,15,2,SCH,HI,Fs,H,1,Alga,1,886
S152_SCH_HI_FsH2,S,15,2,SCH,HI,Fs,H,2,Alga,1,887
S152_SCH_HI_FsH3,S,15,2,SCH,HI,Fs,H,3,Alga,1,888
S152_SCH_HI_FsH4,S,15,2,SCH,HI,Fs,H,4,Alga,2,889
S152_SCH_HI_FsH5,S,15,2,SCH,HI,Fs,H,5,Alga,2,890
S152_SCH_HI_FsH6,S,15,2,SCH,HI,Fs,H,6,Alga,2,891
S152_SCH_HI_FsR1,S,15,2,SCH,HI,Fs,R,1,Alga,1,892
S152_SCH_HI_FsR2,S,15,2,SCH,HI,Fs,R,2,Alga,1,893
S152_SCH_HI_FsR3,S,15,2,SCH,HI,Fs,R,3,Alga,1,894
S152_SCH_HI_FsR4,S,15,2,SCH,HI,Fs,R,4,Alga,2,895
S152_SCH_HI_FsR5,S,15,2,SCH,HI,Fs,R,5,Alga,2,896
S152_SCH_HI_FsR6,S,15,2,SCH,HI,Fs,R,6,Alga,2,897
S152_SCH_HI_FsV1,S,15,2,SCH,HI,Fs,V,1,Alga,1,898
S152_SCH_HI_FsV2,S,15,2,SCH,HI,Fs,V,2,Alga,1,899
S152_SCH_HI_FsV3,S,15,2,SCH,HI,Fs,V,3,Alga,1,900
S152_SCH_HI_FsV4,S,15,2,SCH,HI,Fs,V,4,Alga,2,901
S152_SCH_HI_FsV5,S,15,2,SCH,HI,Fs,V,5,Alga,2,902
S152_SCH_HI_FsV6,S,15,2,SCH,HI,Fs,V,6,Alga,2,903
S161_SCH_HI_FsH1,S,16,1,SCH,HI,Fs,H,1,Alga,1,1276
S161_SCH_HI_FsH2,S,16,1,SCH,HI,Fs,H,2,Alga,1,1277
S161_SCH_HI_FsH3,S,16,1,SCH,HI,Fs,H,3,Alga,1,1278
S161_SCH_HI_FsH4,S,16,1,SCH,HI,Fs,H,4,Alga,2,1279
S161_SCH_HI_FsH5,S,16,1,SCH,HI,Fs,H,5,Alga,2,1280
S161_SCH_HI_FsH6,S,16,1,SCH,HI,Fs,H,6,Alga,2,1281
S161_SCH_HI_FsR1,S,16,1,SCH,HI,Fs,R,1,Alga,1,1282
S161_SCH_HI_FsR2,S,16,1,SCH,HI,Fs,R,2,Alga,1,1283
S161_SCH_HI_FsR3,S,16,1,SCH,HI,Fs,R,3,Alga,1,1284
S161_SCH_HI_FsR4,S,16,1,SCH,HI,Fs,R,4,Alga,2,1285
S161_SCH_HI_FsR5,S,16,1,SCH,HI,Fs,R,5,Alga,2,1286
S161_SCH_HI_FsR6,S,16,1,SCH,HI,Fs,R,6,Alga,2,1287
S161_SCH_HI_FsV1,S,16,1,SCH,HI,Fs,V,1,Alga,1,1288
S161_SCH_HI_FsV2,S,16,1,SCH,HI,Fs,V,2,Alga,1,1289
S161_SCH_HI_FsV3,S,16,1,SCH,HI,Fs,V,3,Alga,1,1290
S161_SCH_HI_FsV4,S,16,1,SCH,HI,Fs,V,4,Alga,2,1291
S161_SCH_HI_FsV5,S,16,1,SCH,HI,Fs,V,5,Alga,2,1292
S161_SCH_HI_FsV6,S,16,1,SCH,HI,Fs,V,6,Alga,2,1293
S162_SCH_HI_FsH1,S,16,2,SCH,HI,Fs,H,1,Alga,1,1542
S162_SCH_HI_FsH2,S,16,2,SCH,HI,Fs,H,2,Alga,1,1543
S162_SCH_HI_FsH3,S,16,2,SCH,HI,Fs,H,3,Alga,1,1544
S162_SCH_HI_FsH5,S,16,2,SCH,HI,Fs,H,5,Alga,2,1545
S162_SCH_HI_FsH6,S,16,2,SCH,HI,Fs,H,6,Alga,2,1546
S162_SCH_HI_FsR1,S,16,2,SCH,HI,Fs,R,1,Alga,1,1547
S162_SCH_HI_FsR2,S,16,2,SCH,HI,Fs,R,2,Alga,1,1548
S162_SCH_HI_FsR3,S,16,2,SCH,HI,Fs,R,3,Alga,1,1549
S162_SCH_HI_FsR4,S,16,2,SCH,HI,Fs,R,4,Alga,2,1550
S162_SCH_HI_FsR5,S,16,2,SCH,HI,Fs,R,5,Alga,2,1551
S162_SCH_HI_FsR6,S,16,2,SCH,HI,Fs,R,6,Alga,2,1552
S162_SCH_HI_FsV1,S,16,2,SCH,HI,Fs,V,1,Alga,1,1553
S162_SCH_HI_FsV2,S,16,2,SCH,HI,Fs,V,2,Alga,1,1554
S162_SCH_HI_FsV3,S,16,2,SCH,HI,Fs,V,3,Alga,1,1555
S162_SCH_HI_FsV4,S,16,2,SCH,HI,Fs,V,4,Alga,2,1556
S162_SCH_HI_FsV5,S,16,2,SCH,HI,Fs,V,5,Alga,2,1557
S162_SCH_HI_FsV6,S,16,2,SCH,HI,Fs,V,6,Alga,2,1558
S151_SCH_HI_PuB1,S,15,1,SCH,HI,Pu,B,1,Alga,1,513
S151_SCH_HI_PuB2,S,15,1,SCH,HI,Pu,B,2,Alga,1,514
S151_SCH_HI_PuB3,S,15,1,SCH,HI,Pu,B,3,Alga,1,515
S151_SCH_HI_PuB4,S,15,1,SCH,HI,Pu,B,4,Alga,2,516
S151_SCH_HI_PuB5,S,15,1,SCH,HI,Pu,B,5,Alga,2,517
S151_SCH_HI_PuB6,S,15,1,SCH,HI,Pu,B,6,Alga,2,518
S151_SCH_HI_PuH1,S,15,1,SCH,HI,Pu,H,1,Alga,1,519
S151_SCH_HI_PuH2,S,15,1,SCH,HI,Pu,H,2,Alga,1,520
S151_SCH_HI_PuH3,S,15,1,SCH,HI,Pu,H,3,Alga,1,521
S151_SCH_HI_PuH4,S,15,1,SCH,HI,Pu,H,4,Alga,2,522
S151_SCH_HI_PuH5,S,15,1,SCH,HI,Pu,H,5,Alga,2,523
S151_SCH_HI_PuH6,S,15,1,SCH,HI,Pu,H,6,Alga,2,524
S152_SCH_HI_PuB1,S,15,2,SCH,HI,Pu,B,1,Alga,1,904
S152_SCH_HI_PuB2,S,15,2,SCH,HI,Pu,B,2,Alga,1,905
S152_SCH_HI_PuB3,S,15,2,SCH,HI,Pu,B,3,Alga,1,906
S152_SCH_HI_PuB4,S,15,2,SCH,HI,Pu,B,4,Alga,2,907
S152_SCH_HI_PuB5,S,15,2,SCH,HI,Pu,B,5,Alga,2,908
S152_SCH_HI_PuB6,S,15,2,SCH,HI,Pu,B,6,Alga,2,909
S152_SCH_HI_PuH1,S,15,2,SCH,HI,Pu,H,1,Alga,1,910
S152_SCH_HI_PuH2,S,15,2,SCH,HI,Pu,H,2,Alga,1,911
S152_SCH_HI_PuH3,S,15,2,SCH,HI,Pu,H,3,Alga,1,912
S152_SCH_HI_PuH4,S,15,2,SCH,HI,Pu,H,4,Alga,2,913
S152_SCH_HI_PuH5,S,15,2,SCH,HI,Pu,H,5,Alga,2,914
S152_SCH_HI_PuH6,S,15,2,SCH,HI,Pu,H,6,Alga,2,915
S161_SCH_HI_PuB1,S,16,1,SCH,HI,Pu,B,1,Alga,1,1294
S161_SCH_HI_PuB2,S,16,1,SCH,HI,Pu,B,2,Alga,1,1295
S161_SCH_HI_PuB3,S,16,1,SCH,HI,Pu,B,3,Alga,1,1296
S161_SCH_HI_PuB4,S,16,1,SCH,HI,Pu,B,4,Alga,2,1297
S161_SCH_HI_PuB5,S,16,1,SCH,HI,Pu,B,5,Alga,2,1298
S161_SCH_HI_PuB6,S,16,1,SCH,HI,Pu,B,6,Alga,2,1299
S161_SCH_HI_PuH1,S,16,1,SCH,HI,Pu,H,1,Alga,1,1300
S161_SCH_HI_PuH2,S,16,1,SCH,HI,Pu,H,2,Alga,1,1301
S161_SCH_HI_PuH3,S,16,1,SCH,HI,Pu,H,3,Alga,1,1302
S161_SCH_HI_PuH4,S,16,1,SCH,HI,Pu,H,4,Alga,2,1303
S161_SCH_HI_PuH5,S,16,1,SCH,HI,Pu,H,5,Alga,2,1304
S161_SCH_HI_PuH6,S,16,1,SCH,HI,Pu,H,6,Alga,2,1305
S162_SCH_HI_PuB1,S,16,2,SCH,HI,Pu,B,1,Alga,1,1559
S162_SCH_HI_PuB2,S,16,2,SCH,HI,Pu,B,2,Alga,1,1560
S162_SCH_HI_PuB3,S,16,2,SCH,HI,Pu,B,3,Alga,1,1561
S162_SCH_HI_PuB4,S,16,2,SCH,HI,Pu,B,4,Alga,2,1562
S162_SCH_HI_PuB5,S,16,2,SCH,HI,Pu,B,5,Alga,2,1563
S162_SCH_HI_PuB6,S,16,2,SCH,HI,Pu,B,6,Alga,2,1564
S162_SCH_HI_PuH1,S,16,2,SCH,HI,Pu,H,1,Alga,1,1565
S162_SCH_HI_PuH2,S,16,2,SCH,HI,Pu,H,2,Alga,1,1566
S162_SCH_HI_PuH3,S,16,2,SCH,HI,Pu,H,3,Alga,1,1567
S162_SCH_HI_PuH4,S,16,2,SCH,HI,Pu,H,4,Alga,2,1568
S162_SCH_HI_PuH5,S,16,2,SCH,HI,Pu,H,5,Alga,2,1569
S162_SCH_HI_PuH6,S,16,2,SCH,HI,Pu,H,6,Alga,2,1570
S151_SCH_LO_FdH1,S,15,1,SCH,LO,Fd,H,1,Alga,1,525
S151_SCH_LO_FdH2,S,15,1,SCH,LO,Fd,H,2,Alga,1,526
S151_SCH_LO_FdH3,S,15,1,SCH,LO,Fd,H,3,Alga,1,527
S151_SCH_LO_FdH4,S,15,1,SCH,LO,Fd,H,4,Alga,2,528
S151_SCH_LO_FdH5,S,15,1,SCH,LO,Fd,H,5,Alga,2,529
S151_SCH_LO_FdH6,S,15,1,SCH,LO,Fd,H,6,Alga,2,530
S151_SCH_LO_FdR1,S,15,1,SCH,LO,Fd,R,1,Alga,1,531
S151_SCH_LO_FdR2,S,15,1,SCH,LO,Fd,R,2,Alga,1,532
S151_SCH_LO_FdR3,S,15,1,SCH,LO,Fd,R,3,Alga,1,533
S151_SCH_LO_FdR4,S,15,1,SCH,LO,Fd,R,4,Alga,2,534
S151_SCH_LO_FdR5,S,15,1,SCH,LO,Fd,R,5,Alga,2,535
S151_SCH_LO_FdR6,S,15,1,SCH,LO,Fd,R,6,Alga,2,536
S151_SCH_LO_FdV1,S,15,1,SCH,LO,Fd,V,1,Alga,1,537
S151_SCH_LO_FdV2,S,15,1,SCH,LO,Fd,V,2,Alga,1,538
S151_SCH_LO_FdV3,S,15,1,SCH,LO,Fd,V,3,Alga,1,539
S151_SCH_LO_FdV4,S,15,1,SCH,LO,Fd,V,4,Alga,2,540
S151_SCH_LO_FdV5,S,15,1,SCH,LO,Fd,V,5,Alga,2,541
S151_SCH_LO_FdV6,S,15,1,SCH,LO,Fd,V,6,Alga,2,542
S152_SCH_LO_FdH1,S,15,2,SCH,LO,Fd,H,1,Alga,1,916
S152_SCH_LO_FdH2,S,15,2,SCH,LO,Fd,H,2,Alga,1,917
S152_SCH_LO_FdH3,S,15,2,SCH,LO,Fd,H,3,Alga,1,918
S152_SCH_LO_FdH4,S,15,2,SCH,LO,Fd,H,4,Alga,2,919
S152_SCH_LO_FdH5,S,15,2,SCH,LO,Fd,H,5,Alga,2,920
S152_SCH_LO_FdH6,S,15,2,SCH,LO,Fd,H,6,Alga,2,921
S152_SCH_LO_FdR1,S,15,2,SCH,LO,Fd,R,1,Alga,1,922
S152_SCH_LO_FdR2,S,15,2,SCH,LO,Fd,R,2,Alga,1,923
S152_SCH_LO_FdR3,S,15,2,SCH,LO,Fd,R,3,Alga,1,924
S152_SCH_LO_FdR4,S,15,2,SCH,LO,Fd,R,4,Alga,2,925
S152_SCH_LO_FdR5,S,15,2,SCH,LO,Fd,R,5,Alga,2,926
S152_SCH_LO_FdR6,S,15,2,SCH,LO,Fd,R,6,Alga,2,927
S152_SCH_LO_FdV1,S,15,2,SCH,LO,Fd,V,1,Alga,1,928
S152_SCH_LO_FdV2,S,15,2,SCH,LO,Fd,V,2,Alga,1,929
S152_SCH_LO_FdV3,S,15,2,SCH,LO,Fd,V,3,Alga,1,930
S152_SCH_LO_FdV4,S,15,2,SCH,LO,Fd,V,4,Alga,2,931
S152_SCH_LO_FdV5,S,15,2,SCH,LO,Fd,V,5,Alga,2,932
S152_SCH_LO_FdV6,S,15,2,SCH,LO,Fd,V,6,Alga,2,933
S161_SCH_LO_FdH1,S,16,1,SCH,LO,Fd,H,1,Alga,1,1306
S161_SCH_LO_FdH2,S,16,1,SCH,LO,Fd,H,2,Alga,1,1307
S161_SCH_LO_FdH3,S,16,1,SCH,LO,Fd,H,3,Alga,1,1308
S161_SCH_LO_FdH4,S,16,1,SCH,LO,Fd,H,4,Alga,2,1309
S161_SCH_LO_FdH5,S,16,1,SCH,LO,Fd,H,5,Alga,2,1310
S161_SCH_LO_FdH6,S,16,1,SCH,LO,Fd,H,6,Alga,2,1311
S161_SCH_LO_FdR1,S,16,1,SCH,LO,Fd,R,1,Alga,1,1312
S161_SCH_LO_FdR2,S,16,1,SCH,LO,Fd,R,2,Alga,1,1313
S161_SCH_LO_FdR3,S,16,1,SCH,LO,Fd,R,3,Alga,1,1314
S161_SCH_LO_FdR4,S,16,1,SCH,LO,Fd,R,4,Alga,2,1315
S161_SCH_LO_FdR5,S,16,1,SCH,LO,Fd,R,5,Alga,2,1316
S161_SCH_LO_FdR6,S,16,1,SCH,LO,Fd,R,6,Alga,2,1317
S161_SCH_LO_FdV1,S,16,1,SCH,LO,Fd,V,1,Alga,1,1318
S161_SCH_LO_FdV2,S,16,1,SCH,LO,Fd,V,2,Alga,1,1319
S161_SCH_LO_FdV3,S,16,1,SCH,LO,Fd,V,3,Alga,1,1320
S161_SCH_LO_FdV4,S,16,1,SCH,LO,Fd,V,4,Alga,2,1321
S161_SCH_LO_FdV5,S,16,1,SCH,LO,Fd,V,5,Alga,2,1322
S161_SCH_LO_FdV6,S,16,1,SCH,LO,Fd,V,6,Alga,2,1323
S162_SCH_LO_FdH1,S,16,2,SCH,LO,Fd,H,1,Alga,1,1571
S162_SCH_LO_FdH2,S,16,2,SCH,LO,Fd,H,2,Alga,1,1572
S162_SCH_LO_FdH3,S,16,2,SCH,LO,Fd,H,3,Alga,1,1573
S162_SCH_LO_FdH4,S,16,2,SCH,LO,Fd,H,4,Alga,2,1574
S162_SCH_LO_FdH5,S,16,2,SCH,LO,Fd,H,5,Alga,2,1575
S162_SCH_LO_FdH6,S,16,2,SCH,LO,Fd,H,6,Alga,2,1576
S162_SCH_LO_FdR1,S,16,2,SCH,LO,Fd,R,1,Alga,1,1577
S162_SCH_LO_FdR2,S,16,2,SCH,LO,Fd,R,2,Alga,1,1578
S162_SCH_LO_FdR3,S,16,2,SCH,LO,Fd,R,3,Alga,1,1579
S162_SCH_LO_FdR4,S,16,2,SCH,LO,Fd,R,4,Alga,2,1580
S162_SCH_LO_FdR5,S,16,2,SCH,LO,Fd,R,5,Alga,2,1581
S162_SCH_LO_FdR6,S,16,2,SCH,LO,Fd,R,6,Alga,2,1582
S162_SCH_LO_FdV1,S,16,2,SCH,LO,Fd,V,1,Alga,1,1583
S162_SCH_LO_FdV2,S,16,2,SCH,LO,Fd,V,2,Alga,1,1584
S162_SCH_LO_FdV3,S,16,2,SCH,LO,Fd,V,3,Alga,1,1585
S162_SCH_LO_FdV4,S,16,2,SCH,LO,Fd,V,4,Alga,2,1586
S162_SCH_LO_FdV5,S,16,2,SCH,LO,Fd,V,5,Alga,2,1587
S162_SCH_LO_FdV6,S,16,2,SCH,LO,Fd,V,6,Alga,2,1588
S152_SCH_ALo_0_2mic,S,15,2,SCH,LO,filter,filter,1,0.2filter,1,881
S152_SCH_BLo_0_2mic,S,15,2,SCH,LO,filter,filter,1,0.2filter,2,884
S162_SCH_0_2mic_ALO,S,16,2,SCH,LO,filter,filter,1,0.2filter,1,1537
S162_SCH_0_2mic_BLO,S,16,2,SCH,LO,filter,filter,1,0.2filter,2,1540
S152_SCH_AMid_0_2mic,S,15,2,SCH,MID,filter,filter,1,0.2filter,1,882
S152_SCH_BMid_0_2mic,S,15,2,SCH,MID,filter,filter,1,0.2filter,2,885
S161_SCH_0_2mic_AMID,S,16,1,SCH,MID,filter,filter,1,0.2filter,1,1274
S162_SCH_0_2mic_AMID,S,16,2,SCH,MID,filter,filter,1,0.2filter,1,1538
S162_SCH_0_2mic_BMID,S,16,2,SCH,MID,filter,filter,1,0.2filter,2,1541
S151_SCH_MID_FvH1,S,15,1,SCH,MID,Fv,H,1,Alga,1,543
S151_SCH_MID_FvH2,S,15,1,SCH,MID,Fv,H,2,Alga,1,544
S151_SCH_MID_FvH3,S,15,1,SCH,MID,Fv,H,3,Alga,1,545
S151_SCH_MID_FvH4,S,15,1,SCH,MID,Fv,H,4,Alga,2,546
S151_SCH_MID_FvH5,S,15,1,SCH,MID,Fv,H,5,Alga,2,547
S151_SCH_MID_FvH6,S,15,1,SCH,MID,Fv,H,6,Alga,2,548
S151_SCH_MID_FvR1,S,15,1,SCH,MID,Fv,R,1,Alga,1,549
S151_SCH_MID_FvR2,S,15,1,SCH,MID,Fv,R,2,Alga,1,550
S151_SCH_MID_FvR3,S,15,1,SCH,MID,Fv,R,3,Alga,1,551
S151_SCH_MID_FvR4,S,15,1,SCH,MID,Fv,R,4,Alga,2,552
S151_SCH_MID_FvR5,S,15,1,SCH,MID,Fv,R,5,Alga,2,553
S151_SCH_MID_FvR6,S,15,1,SCH,MID,Fv,R,6,Alga,2,554
S151_SCH_MID_FvV1,S,15,1,SCH,MID,Fv,V,1,Alga,1,555
S151_SCH_MID_FvV2,S,15,1,SCH,MID,Fv,V,2,Alga,1,556
S151_SCH_MID_FvV3,S,15,1,SCH,MID,Fv,V,3,Alga,1,557
S151_SCH_MID_FvV4,S,15,1,SCH,MID,Fv,V,4,Alga,2,558
S151_SCH_MID_FvV5,S,15,1,SCH,MID,Fv,V,5,Alga,2,559
S151_SCH_MID_FvV6,S,15,1,SCH,MID,Fv,V,6,Alga,2,560
S152_SCH_MID_FvH1,S,15,2,SCH,MID,Fv,H,1,Alga,1,934
S152_SCH_MID_FvH2,S,15,2,SCH,MID,Fv,H,2,Alga,1,935
S152_SCH_MID_FvH3,S,15,2,SCH,MID,Fv,H,3,Alga,1,936
S152_SCH_MID_FvH4,S,15,2,SCH,MID,Fv,H,4,Alga,2,937
S152_SCH_MID_FvH5,S,15,2,SCH,MID,Fv,H,5,Alga,2,938
S152_SCH_MID_FvH6,S,15,2,SCH,MID,Fv,H,6,Alga,2,939
S152_SCH_MID_FvR1,S,15,2,SCH,MID,Fv,R,1,Alga,1,940
S152_SCH_MID_FvR3,S,15,2,SCH,MID,Fv,R,3,Alga,1,941
S152_SCH_MID_FvR4,S,15,2,SCH,MID,Fv,R,4,Alga,2,942
S152_SCH_MID_FvR5,S,15,2,SCH,MID,Fv,R,5,Alga,2,943
S152_SCH_MID_FvR6,S,15,2,SCH,MID,Fv,R,6,Alga,2,944
S152_SCH_MID_FvV1,S,15,2,SCH,MID,Fv,V,1,Alga,1,945
S152_SCH_MID_FvV2,S,15,2,SCH,MID,Fv,V,2,Alga,1,946
S152_SCH_MID_FvV3,S,15,2,SCH,MID,Fv,V,3,Alga,1,947
S152_SCH_MID_FvV4,S,15,2,SCH,MID,Fv,V,4,Alga,2,948
S152_SCH_MID_FvV5,S,15,2,SCH,MID,Fv,V,5,Alga,2,949
S152_SCH_MID_FvV6,S,15,2,SCH,MID,Fv,V,6,Alga,2,950
S161_SCH_MID_FvH1,S,16,1,SCH,MID,Fv,H,1,Alga,1,1324
S161_SCH_MID_FvH2,S,16,1,SCH,MID,Fv,H,2,Alga,1,1325
S161_SCH_MID_FvH3,S,16,1,SCH,MID,Fv,H,3,Alga,1,1326
S161_SCH_MID_FvH4,S,16,1,SCH,MID,Fv,H,4,Alga,2,1327
S161_SCH_MID_FvH5,S,16,1,SCH,MID,Fv,H,5,Alga,2,1328
S161_SCH_MID_FvH6,S,16,1,SCH,MID,Fv,H,6,Alga,2,1329
S161_SCH_MID_FvR1,S,16,1,SCH,MID,Fv,R,1,Alga,1,1330
S161_SCH_MID_FvR2,S,16,1,SCH,MID,Fv,R,2,Alga,1,1331
S161_SCH_MID_FvR3,S,16,1,SCH,MID,Fv,R,3,Alga,1,1332
S161_SCH_MID_FvR4,S,16,1,SCH,MID,Fv,R,4,Alga,2,1333
S161_SCH_MID_FvR5,S,16,1,SCH,MID,Fv,R,5,Alga,2,1334
S161_SCH_MID_FvR6,S,16,1,SCH,MID,Fv,R,6,Alga,2,1335
S161_SCH_MID_FvV1,S,16,1,SCH,MID,Fv,V,1,Alga,1,1336
S161_SCH_MID_FvV2,S,16,1,SCH,MID,Fv,V,2,Alga,1,1337
S161_SCH_MID_FvV3,S,16,1,SCH,MID,Fv,V,3,Alga,1,1338
S161_SCH_MID_FvV4,S,16,1,SCH,MID,Fv,V,4,Alga,2,1339
S161_SCH_MID_FvV5,S,16,1,SCH,MID,Fv,V,5,Alga,2,1340
S161_SCH_MID_FvV6,S,16,1,SCH,MID,Fv,V,6,Alga,2,1341
S162_SCH_MID_FvH1,S,16,2,SCH,MID,Fv,H,1,Alga,1,1589
S162_SCH_MID_FvH2,S,16,2,SCH,MID,Fv,H,2,Alga,1,1590
S162_SCH_MID_FvH3,S,16,2,SCH,MID,Fv,H,3,Alga,1,1591
S162_SCH_MID_FvH4,S,16,2,SCH,MID,Fv,H,4,Alga,2,1592
S162_SCH_MID_FvH5,S,16,2,SCH,MID,Fv,H,5,Alga,2,1593
S162_SCH_MID_FvH6,S,16,2,SCH,MID,Fv,H,6,Alga,2,1594
S162_SCH_MID_FvR1,S,16,2,SCH,MID,Fv,R,1,Alga,1,1595
S162_SCH_MID_FvR2,S,16,2,SCH,MID,Fv,R,2,Alga,1,1596
S162_SCH_MID_FvR3,S,16,2,SCH,MID,Fv,R,3,Alga,1,1597
S162_SCH_MID_FvR4,S,16,2,SCH,MID,Fv,R,4,Alga,2,1598
S162_SCH_MID_FvR5,S,16,2,SCH,MID,Fv,R,5,Alga,2,1599
S162_SCH_MID_FvR6,S,16,2,SCH,MID,Fv,R,6,Alga,2,1600
S162_SCH_MID_FvV1,S,16,2,SCH,MID,Fv,V,1,Alga,1,1601
S162_SCH_MID_FvV2,S,16,2,SCH,MID,Fv,V,2,Alga,1,1602
S162_SCH_MID_FvV3,S,16,2,SCH,MID,Fv,V,3,Alga,1,1603
S162_SCH_MID_FvV4,S,16,2,SCH,MID,Fv,V,4,Alga,2,1604
S162_SCH_MID_FvV5,S,16,2,SCH,MID,Fv,V,5,Alga,2,1605
S162_SCH_MID_FvV6,S,16,2,SCH,MID,Fv,V,6,Alga,2,1606
S151_SCH_MID_PuB2,S,15,1,SCH,MID,Pu,B,2,Alga,1,562
S151_SCH_MID_PuB3,S,15,1,SCH,MID,Pu,B,3,Alga,1,563
S151_SCH_MID_PuB4,S,15,1,SCH,MID,Pu,B,4,Alga,2,564
S151_SCH_MID_PuB5,S,15,1,SCH,MID,Pu,B,5,Alga,2,565
S151_SCH_MID_PuB6,S,15,1,SCH,MID,Pu,B,6,Alga,2,566
S151_SCH_MID_PuH1,S,15,1,SCH,MID,Pu,H,1,Alga,1,567
S151_SCH_MID_PuH2,S,15,1,SCH,MID,Pu,H,2,Alga,1,568
S151_SCH_MID_PuH3,S,15,1,SCH,MID,Pu,H,3,Alga,1,569
S151_SCH_MID_PuH4,S,15,1,SCH,MID,Pu,H,4,Alga,2,570
S151_SCH_MID_PuH5,S,15,1,SCH,MID,Pu,H,5,Alga,2,571
S151_SCH_MID_PuH6,S,15,1,SCH,MID,Pu,H,6,Alga,2,572
S152_SCH_MID_PuB1,S,15,2,SCH,MID,Pu,B,1,Alga,1,951
S152_SCH_MID_PuB2,S,15,2,SCH,MID,Pu,B,2,Alga,1,952
S152_SCH_MID_PuB3,S,15,2,SCH,MID,Pu,B,3,Alga,1,953
S152_SCH_MID_PuB4,S,15,2,SCH,MID,Pu,B,4,Alga,2,954
S152_SCH_MID_PuB5,S,15,2,SCH,MID,Pu,B,5,Alga,2,955
S152_SCH_MID_PuB6,S,15,2,SCH,MID,Pu,B,6,Alga,2,956
S152_SCH_MID_PuH1,S,15,2,SCH,MID,Pu,H,1,Alga,1,957
S152_SCH_MID_PuH2,S,15,2,SCH,MID,Pu,H,2,Alga,1,958
S152_SCH_MID_PuH3,S,15,2,SCH,MID,Pu,H,3,Alga,1,959
S152_SCH_MID_PuH4,S,15,2,SCH,MID,Pu,H,4,Alga,2,960
S152_SCH_MID_PuH5,S,15,2,SCH,MID,Pu,H,5,Alga,2,961
S152_SCH_MID_PuH6,S,15,2,SCH,MID,Pu,H,6,Alga,2,962
S161_SCH_MID_PuB1,S,16,1,SCH,MID,Pu,B,1,Alga,1,1342
S161_SCH_MID_PuB2,S,16,1,SCH,MID,Pu,B,2,Alga,1,1343
S161_SCH_MID_PuB3,S,16,1,SCH,MID,Pu,B,3,Alga,1,1344
S161_SCH_MID_PuB4,S,16,1,SCH,MID,Pu,B,4,Alga,2,1345
S161_SCH_MID_PuB5,S,16,1,SCH,MID,Pu,B,5,Alga,2,1346
S161_SCH_MID_PuB6,S,16,1,SCH,MID,Pu,B,6,Alga,2,1347
S161_SCH_MID_PuH1,S,16,1,SCH,MID,Pu,H,1,Alga,1,1348
S161_SCH_MID_PuH2,S,16,1,SCH,MID,Pu,H,2,Alga,1,1349
S161_SCH_MID_PuH3,S,16,1,SCH,MID,Pu,H,3,Alga,1,1350
S161_SCH_MID_PuH4,S,16,1,SCH,MID,Pu,H,4,Alga,2,1351
S161_SCH_MID_PuH5,S,16,1,SCH,MID,Pu,H,5,Alga,2,1352
S161_SCH_MID_PuH6,S,16,1,SCH,MID,Pu,H,6,Alga,2,1353
S162_SCH_MID_PuB1,S,16,2,SCH,MID,Pu,B,1,Alga,1,1607
S162_SCH_MID_PuB2,S,16,2,SCH,MID,Pu,B,2,Alga,1,1608
S162_SCH_MID_PuB3,S,16,2,SCH,MID,Pu,B,3,Alga,1,1609
S162_SCH_MID_PuB4,S,16,2,SCH,MID,Pu,B,4,Alga,2,1610
S162_SCH_MID_PuB5,S,16,2,SCH,MID,Pu,B,5,Alga,2,1611
S162_SCH_MID_PuB6,S,16,2,SCH,MID,Pu,B,6,Alga,2,1612
S162_SCH_MID_PuH1,S,16,2,SCH,MID,Pu,H,1,Alga,1,1613
S162_SCH_MID_PuH2,S,16,2,SCH,MID,Pu,H,2,Alga,1,1614
S162_SCH_MID_PuH3,S,16,2,SCH,MID,Pu,H,3,Alga,1,1615
S162_SCH_MID_PuH4,S,16,2,SCH,MID,Pu,H,4,Alga,2,1616
S162_SCH_MID_PuH5,S,16,2,SCH,MID,Pu,H,5,Alga,2,1617
S162_SCH_MID_PuH6,S,16,2,SCH,MID,Pu,H,6,Alga,2,1618
S151_Sid_AFves_0_2mic,S,15,1,Sid,MID,filter,filter,1,0.2filter,1,590
S152_Sid_APum_0_2mic,S,15,2,Sid,MID,filter,filter,1,0.2filter,1,963
S152_Sid_FVes_0_2mic,S,15,2,Sid,MID,filter,filter,2,0.2filter,1,964
S151_SId_FvH1,S,15,1,Sid,MID,Fv,H,1,Alga,1,573
S151_SId_FvH2,S,15,1,Sid,MID,Fv,H,2,Alga,1,574
S151_SId_FvH3,S,15,1,Sid,MID,Fv,H,3,Alga,1,575
S151_SId_FvH4,S,15,1,Sid,MID,Fv,H,4,Alga,2,576
S151_SId_FvH5,S,15,1,Sid,MID,Fv,H,5,Alga,2,577
S151_SId_FvH6,S,15,1,Sid,MID,Fv,H,6,Alga,2,578
S151_SId_FvR1,S,15,1,Sid,MID,Fv,R,1,Alga,1,579
S151_SId_FvR2,S,15,1,Sid,MID,Fv,R,2,Alga,1,580
S151_SId_FvR3,S,15,1,Sid,MID,Fv,R,3,Alga,1,581
S151_SId_FvR4,S,15,1,Sid,MID,Fv,R,4,Alga,2,582
S151_SId_FvR5,S,15,1,Sid,MID,Fv,R,5,Alga,2,583
S151_SId_FvR6,S,15,1,Sid,MID,Fv,R,6,Alga,2,584
S151_SId_FvV1,S,15,1,Sid,MID,Fv,V,1,Alga,1,585
S151_SId_FvV2,S,15,1,Sid,MID,Fv,V,2,Alga,1,586
S151_SId_FvV3,S,15,1,Sid,MID,Fv,V,3,Alga,1,587
S151_SId_FvV4,S,15,1,Sid,MID,Fv,V,4,Alga,2,588
S151_SId_FvV5,S,15,1,Sid,MID,Fv,V,5,Alga,2,589
S152_Sid_FvH1,S,15,2,Sid,MID,Fv,H,1,Alga,1,965
S152_Sid_FvH2,S,15,2,Sid,MID,Fv,H,2,Alga,1,966
S152_Sid_FvH3,S,15,2,Sid,MID,Fv,H,3,Alga,1,967
S152_Sid_FvH4,S,15,2,Sid,MID,Fv,H,4,Alga,2,968
S152_Sid_FvH5,S,15,2,Sid,MID,Fv,H,5,Alga,2,969
S152_Sid_FvH6,S,15,2,Sid,MID,Fv,H,6,Alga,2,970
S152_Sid_FvR1,S,15,2,Sid,MID,Fv,R,1,Alga,1,971
S152_Sid_FvR2,S,15,2,Sid,MID,Fv,R,2,Alga,1,972
S152_Sid_FvR3,S,15,2,Sid,MID,Fv,R,3,Alga,1,973
S152_Sid_FvR4,S,15,2,Sid,MID,Fv,R,4,Alga,2,974
S152_Sid_FvR5,S,15,2,Sid,MID,Fv,R,5,Alga,2,975
S152_Sid_FvR6,S,15,2,Sid,MID,Fv,R,6,Alga,2,976
S152_Sid_FvV1,S,15,2,Sid,MID,Fv,V,1,Alga,1,977
S152_Sid_FvV2,S,15,2,Sid,MID,Fv,V,2,Alga,1,978
S152_Sid_FvV3,S,15,2,Sid,MID,Fv,V,3,Alga,1,979
S152_Sid_FvV4,S,15,2,Sid,MID,Fv,V,4,Alga,2,980
S152_Sid_FvV5,S,15,2,Sid,MID,Fv,V,5,Alga,2,981
S152_Sid_FvV6,S,15,2,Sid,MID,Fv,V,6,Alga,2,982
S151_Sid_PuB1,S,15,1,Sid,MID,Pu,B,1,Alga,1,591
S151_Sid_PuB2,S,15,1,Sid,MID,Pu,B,2,Alga,1,592
S151_Sid_PuB3,S,15,1,Sid,MID,Pu,B,3,Alga,1,593
S151_Sid_PuB4,S,15,1,Sid,MID,Pu,B,4,Alga,2,594
S151_Sid_PuB5,S,15,1,Sid,MID,Pu,B,5,Alga,2,595
S151_Sid_PuB6,S,15,1,Sid,MID,Pu,B,6,Alga,2,596
S151_Sid_PuH1,S,15,1,Sid,MID,Pu,H,1,Alga,1,597
S151_Sid_PuH2,S,15,1,Sid,MID,Pu,H,2,Alga,1,598
S151_Sid_PuH3,S,15,1,Sid,MID,Pu,H,3,Alga,1,599
S151_Sid_PuH4,S,15,1,Sid,MID,Pu,H,4,Alga,2,600
S151_Sid_PuH5,S,15,1,Sid,MID,Pu,H,5,Alga,2,601
S151_Sid_PuH6,S,15,1,Sid,MID,Pu,H,6,Alga,2,602
S152_Sid_PuB1,S,15,2,Sid,MID,Pu,B,1,Alga,1,983
S152_Sid_PuB2,S,15,2,Sid,MID,Pu,B,2,Alga,1,984
S152_Sid_PuB3,S,15,2,Sid,MID,Pu,B,3,Alga,1,985
S152_Sid_PuB4,S,15,2,Sid,MID,Pu,B,4,Alga,2,986
S152_Sid_PuB5,S,15,2,Sid,MID,Pu,B,5,Alga,2,987
S152_Sid_PuB6,S,15,2,Sid,MID,Pu,B,6,Alga,2,988
S152_Sid_PuH1,S,15,2,Sid,MID,Pu,H,1,Alga,1,989
S152_Sid_PuH2,S,15,2,Sid,MID,Pu,H,2,Alga,1,990
S152_Sid_PuH3,S,15,2,Sid,MID,Pu,H,3,Alga,1,991
S152_Sid_PuH4,S,15,2,Sid,MID,Pu,H,4,Alga,2,992
S152_Sid_PuH5,S,15,2,Sid,MID,Pu,H,5,Alga,2,993
S152_Sid_PuH6,S,15,2,Sid,MID,Pu,H,6,Alga,2,994
S151_Sid_RockA_Fv,S,15,1,Sid,MID,Rock,Rock,1,Rock,1,603
S151_Sid_RockA_Pu,S,15,1,Sid,MID,Rock,Rock,2,Rock,1,604
S152_Sid_RockA,S,15,2,Sid,MID,Rock,Rock,1,Rock,1,995
S152_Sid_RockB,S,15,2,Sid,MID,Rock,Rock,1,Rock,2,996
S151_Tagus_0_2micA,S,15,1,Tagus,MID,filter,filter,1,0.2filter,1,607
S151_Tagus_0_2micB,S,15,1,Tagus,MID,filter,filter,1,0.2filter,2,608
S151_Tagus_5_0micA,S,15,1,Tagus,MID,filter,filter,1,5.0filter,1,609
S151_Tagus_5_0micB,S,15,1,Tagus,MID,filter,filter,1,5.0filter,2,610
S152_Tagus_0_2micA,S,15,2,Tagus,MID,filter,filter,1,0.2filter,1,997
S152_Tagus_0_2micB,S,15,2,Tagus,MID,filter,filter,1,0.2filter,2,998
S152_Tagus_5_0micA,S,15,2,Tagus,MID,filter,filter,1,5.0filter,1,999
S151_Tagus_FvH1,S,15,1,Tagus,MID,Fv,H,1,Alga,1,611
S151_Tagus_FvH2,S,15,1,Tagus,MID,Fv,H,2,Alga,1,612
S151_Tagus_FvH3,S,15,1,Tagus,MID,Fv,H,3,Alga,1,613
S151_Tagus_FvH4,S,15,1,Tagus,MID,Fv,H,4,Alga,2,614
S151_Tagus_FvH5,S,15,1,Tagus,MID,Fv,H,5,Alga,2,615
S151_Tagus_FvH6,S,15,1,Tagus,MID,Fv,H,6,Alga,2,616
S151_Tagus_FvR1,S,15,1,Tagus,MID,Fv,R,1,Alga,1,617
S151_Tagus_FvR2,S,15,1,Tagus,MID,Fv,R,2,Alga,1,618
S151_Tagus_FvR3,S,15,1,Tagus,MID,Fv,R,3,Alga,1,619
S151_Tagus_FvR4,S,15,1,Tagus,MID,Fv,R,4,Alga,2,620
S151_Tagus_FvR5,S,15,1,Tagus,MID,Fv,R,5,Alga,2,621
S151_Tagus_FvR6,S,15,1,Tagus,MID,Fv,R,6,Alga,2,622
S151_Tagus_FvV1,S,15,1,Tagus,MID,Fv,V,1,Alga,1,623
S151_Tagus_FvV2,S,15,1,Tagus,MID,Fv,V,2,Alga,1,624
S151_Tagus_FvV3,S,15,1,Tagus,MID,Fv,V,3,Alga,1,625
S151_Tagus_FvV4,S,15,1,Tagus,MID,Fv,V,4,Alga,2,626
S151_Tagus_FvV5,S,15,1,Tagus,MID,Fv,V,5,Alga,2,627
S151_Tagus_FvV6,S,15,1,Tagus,MID,Fv,V,6,Alga,2,628
S152_Tagus_FvH1,S,15,2,Tagus,MID,Fv,H,1,Alga,1,1000
S152_Tagus_FvH2,S,15,2,Tagus,MID,Fv,H,2,Alga,1,1001
S152_Tagus_FvH3,S,15,2,Tagus,MID,Fv,H,3,Alga,1,1002
S152_Tagus_FvH4,S,15,2,Tagus,MID,Fv,H,4,Alga,2,1003
S152_Tagus_FvH5,S,15,2,Tagus,MID,Fv,H,5,Alga,2,1004
S152_Tagus_FvH6,S,15,2,Tagus,MID,Fv,H,6,Alga,2,1005
S152_Tagus_FvR1,S,15,2,Tagus,MID,Fv,R,1,Alga,1,1006
S152_Tagus_FvR2,S,15,2,Tagus,MID,Fv,R,2,Alga,1,1007
S152_Tagus_FvR3,S,15,2,Tagus,MID,Fv,R,3,Alga,1,1008
S152_Tagus_FvR4,S,15,2,Tagus,MID,Fv,R,4,Alga,2,1009
S152_Tagus_FvR5,S,15,2,Tagus,MID,Fv,R,5,Alga,2,1010
S152_Tagus_FvR6,S,15,2,Tagus,MID,Fv,R,6,Alga,2,1011
S152_Tagus_FvV1,S,15,2,Tagus,MID,Fv,V,1,Alga,1,1012
S152_Tagus_FvV2,S,15,2,Tagus,MID,Fv,V,2,Alga,1,1013
S152_Tagus_FvV3,S,15,2,Tagus,MID,Fv,V,3,Alga,1,1014
S152_Tagus_FvV4,S,15,2,Tagus,MID,Fv,V,4,Alga,2,1015
S152_Tagus_FvV5,S,15,2,Tagus,MID,Fv,V,5,Alga,2,1016
S152_Tagus_FvV6,S,15,2,Tagus,MID,Fv,V,6,Alga,2,1017
S151_Tag_RockA,S,15,1,Tagus,MID,Rock,Rock,1,Rock,1,605
S151_Tag_RockB,S,15,1,Tagus,MID,Rock,Rock,1,Rock,2,606
S151_Torr_FvH1,S,15,1,Torr,MID,Fv,H,1,Alga,1,629
S151_Torr_FvH2,S,15,1,Torr,MID,Fv,H,2,Alga,1,630
S151_Torr_FvH3,S,15,1,Torr,MID,Fv,H,3,Alga,1,631
S151_Torr_FvH4,S,15,1,Torr,MID,Fv,H,4,Alga,2,632
S151_Torr_FvH5,S,15,1,Torr,MID,Fv,H,5,Alga,2,633
S151_Torr_FvH6,S,15,1,Torr,MID,Fv,H,6,Alga,2,634
S151_Torr_FvR1,S,15,1,Torr,MID,Fv,R,1,Alga,1,635
S151_Torr_FvR2,S,15,1,Torr,MID,Fv,R,2,Alga,1,636
S151_Torr_FvR3,S,15,1,Torr,MID,Fv,R,3,Alga,1,637
S151_Torr_FvR4,S,15,1,Torr,MID,Fv,R,4,Alga,2,638
S151_Torr_FvR5,S,15,1,Torr,MID,Fv,R,5,Alga,2,639
S151_Torr_FvR6,S,15,1,Torr,MID,Fv,R,6,Alga,2,640
S151_Torr_FvV1,S,15,1,Torr,MID,Fv,V,1,Alga,1,641
S151_Torr_FvV2,S,15,1,Torr,MID,Fv,V,2,Alga,1,642
S151_Torr_FvV3,S,15,1,Torr,MID,Fv,V,3,Alga,1,643
S151_Torr_FvV4,S,15,1,Torr,MID,Fv,V,4,Alga,2,644
S151_Torr_FvV5,S,15,1,Torr,MID,Fv,V,5,Alga,2,645
S151_Torr_FvV6,S,15,1,Torr,MID,Fv,V,6,Alga,2,646
S151_Torr_RockA,S,15,1,Torr,MID,Rock,Rock,1,Rock,1,647
S151_Torr_RockB,S,15,1,Torr,MID,Rock,Rock,1,Rock,2,648
S151_Uum_FvH1,S,15,1,Uum,MID,Fv,H,1,Alga,1,649
S151_Uum_FvH2,S,15,1,Uum,MID,Fv,H,2,Alga,1,650
S151_Uum_FvH3,S,15,1,Uum,MID,Fv,H,3,Alga,1,651
S151_Uum_FvH5,S,15,1,Uum,MID,Fv,H,5,Alga,2,652
S151_Uum_FvH6,S,15,1,Uum,MID,Fv,H,6,Alga,2,653
S151_Uum_FvR1,S,15,1,Uum,MID,Fv,R,1,Alga,1,654
S151_Uum_FvR2,S,15,1,Uum,MID,Fv,R,2,Alga,1,655
S151_Uum_FvR3,S,15,1,Uum,MID,Fv,R,3,Alga,1,656
S151_Uum_FvR4,S,15,1,Uum,MID,Fv,R,4,Alga,2,657
S151_Uum_FvR5,S,15,1,Uum,MID,Fv,R,5,Alga,2,658
S151_Uum_FvV1,S,15,1,Uum,MID,Fv,V,1,Alga,1,659
S151_Uum_FvV2,S,15,1,Uum,MID,Fv,V,2,Alga,1,660
S151_Uum_FvV3,S,15,1,Uum,MID,Fv,V,3,Alga,1,661
S151_Uum_FvV4,S,15,1,Uum,MID,Fv,V,4,Alga,2,662
S151_Uum_FvV5,S,15,1,Uum,MID,Fv,V,5,Alga,2,663
S151_Uum_FvV6,S,15,1,Uum,MID,Fv,V,6,Alga,2,664
S152_Uum_FvH1,S,15,2,Uum,MID,Fv,H,1,Alga,1,1018
S152_Uum_FvH2,S,15,2,Uum,MID,Fv,H,2,Alga,1,1019
S152_Uum_FvH3,S,15,2,Uum,MID,Fv,H,3,Alga,1,1020
S152_Uum_FvH4,S,15,2,Uum,MID,Fv,H,4,Alga,2,1021
S152_Uum_FvH5,S,15,2,Uum,MID,Fv,H,5,Alga,2,1022
S152_Uum_FvH6,S,15,2,Uum,MID,Fv,H,6,Alga,2,1023
S152_Uum_FvR1,S,15,2,Uum,MID,Fv,R,1,Alga,1,1024
S152_Uum_FvR2,S,15,2,Uum,MID,Fv,R,2,Alga,1,1025
S152_Uum_FvR3,S,15,2,Uum,MID,Fv,R,3,Alga,1,1026
S152_Uum_FvR4,S,15,2,Uum,MID,Fv,R,4,Alga,2,1027
S152_Uum_FvR5,S,15,2,Uum,MID,Fv,R,5,Alga,2,1028
S152_Uum_FvR6,S,15,2,Uum,MID,Fv,R,6,Alga,2,1029
S152_Uum_FvV1,S,15,2,Uum,MID,Fv,V,1,Alga,1,1030
S152_Uum_FvV2,S,15,2,Uum,MID,Fv,V,2,Alga,1,1031
S152_Uum_FvV3,S,15,2,Uum,MID,Fv,V,3,Alga,1,1032
S152_Uum_FvV4,S,15,2,Uum,MID,Fv,V,4,Alga,2,1033
S152_Uum_FvV5,S,15,2,Uum,MID,Fv,V,5,Alga,2,1034
S152_Uum_FvV6,S,15,2,Uum,MID,Fv,V,6,Alga,2,1035
S151_Viana_0_2micB,S,15,1,Viana,MID,filter,filter,1,0.2filter,2,665
S151_Viana_5_0micA,S,15,1,Viana,MID,filter,filter,1,5.0filter,1,666
S151_Viana_A_5_0mic,S,15,1,Viana,MID,filter,filter,2,5.0filter,1,667
S151_Viana_B_5_0mic,S,15,1,Viana,MID,filter,filter,1,5.0filter,2,668
S152_Viana_A_0_2mic,S,15,2,Viana,MID,filter,filter,1,0.2filter,1,1036
S152_Viana_A_5_0mic,S,15,2,Viana,MID,filter,filter,1,5.0filter,1,1037
S152_Viana_B_0_2mic,S,15,2,Viana,MID,filter,filter,1,0.2filter,2,1038
S152_Viana_B_5_0mic,S,15,2,Viana,MID,filter,filter,1,5.0filter,2,1039
S161_Viana_A_0_2filter,S,16,1,Viana,MID,filter,filter,1,0.2filter,1,1354
S161_Viana_B_0_2filter,S,16,1,Viana,MID,filter,filter,1,0.2filter,2,1355
S162_Viana_A_0_2filter,S,16,2,Viana,MID,filter,filter,1,0.2filter,1,1619
S162_Viana_B_0_2filter,S,16,2,Viana,MID,filter,filter,1,0.2filter,2,1620
S151_Viana_FvH1,S,15,1,Viana,MID,Fv,H,1,Alga,1,669
S151_Viana_FvH2,S,15,1,Viana,MID,Fv,H,2,Alga,1,670
S151_Viana_FvH3,S,15,1,Viana,MID,Fv,H,3,Alga,1,671
S151_Viana_FvH4,S,15,1,Viana,MID,Fv,H,4,Alga,2,672
S151_Viana_FvH5,S,15,1,Viana,MID,Fv,H,5,Alga,2,673
S151_Viana_FvH6,S,15,1,Viana,MID,Fv,H,6,Alga,2,674
S151_Viana_FvR1,S,15,1,Viana,MID,Fv,R,1,Alga,1,675
S151_Viana_FvR2,S,15,1,Viana,MID,Fv,R,2,Alga,1,676
S151_Viana_FvR3,S,15,1,Viana,MID,Fv,R,3,Alga,1,677
S151_Viana_FvR4,S,15,1,Viana,MID,Fv,R,4,Alga,2,678
S151_Viana_FvR5,S,15,1,Viana,MID,Fv,R,5,Alga,2,679
S151_Viana_FvR6,S,15,1,Viana,MID,Fv,R,6,Alga,2,680
S151_Viana_FvV1,S,15,1,Viana,MID,Fv,V,1,Alga,1,681
S151_Viana_FvV2,S,15,1,Viana,MID,Fv,V,2,Alga,1,682
S151_Viana_FvV3,S,15,1,Viana,MID,Fv,V,3,Alga,1,683
S151_Viana_FvV4,S,15,1,Viana,MID,Fv,V,4,Alga,2,684
S151_Viana_FvV5,S,15,1,Viana,MID,Fv,V,5,Alga,2,685
S151_Viana_FvV6,S,15,1,Viana,MID,Fv,V,6,Alga,2,686
S152_Viana_FvH1,S,15,2,Viana,MID,Fv,H,1,Alga,1,1040
S152_Viana_FvH3,S,15,2,Viana,MID,Fv,H,3,Alga,1,1041
S152_Viana_FvH4,S,15,2,Viana,MID,Fv,H,4,Alga,2,1042
S152_Viana_FvH5,S,15,2,Viana,MID,Fv,H,5,Alga,2,1043
S152_Viana_FvH6,S,15,2,Viana,MID,Fv,H,6,Alga,2,1044
S152_Viana_FvR1,S,15,2,Viana,MID,Fv,R,1,Alga,1,1045
S152_Viana_FvR2,S,15,2,Viana,MID,Fv,R,2,Alga,1,1046
S152_Viana_FvR3,S,15,2,Viana,MID,Fv,R,3,Alga,1,1047
S152_Viana_FvR4,S,15,2,Viana,MID,Fv,R,4,Alga,2,1048
S152_Viana_FvR5,S,15,2,Viana,MID,Fv,R,5,Alga,2,1049
S152_Viana_FvR6,S,15,2,Viana,MID,Fv,R,6,Alga,2,1050
S152_Viana_FvV1,S,15,2,Viana,MID,Fv,V,1,Alga,1,1051
S152_Viana_FvV2,S,15,2,Viana,MID,Fv,V,2,Alga,1,1052
S152_Viana_FvV3,S,15,2,Viana,MID,Fv,V,3,Alga,1,1053
S152_Viana_FvV4,S,15,2,Viana,MID,Fv,V,4,Alga,2,1054
S152_Viana_FvV5,S,15,2,Viana,MID,Fv,V,5,Alga,2,1055
S152_Viana_FvV6,S,15,2,Viana,MID,Fv,V,6,Alga,2,1056
S161_Viana_FvH1,S,16,1,Viana,MID,Fv,H,1,Alga,1,1356
S161_Viana_FvH2,S,16,1,Viana,MID,Fv,H,2,Alga,1,1357
S161_Viana_FvH3,S,16,1,Viana,MID,Fv,H,3,Alga,1,1358
S161_Viana_FvH4,S,16,1,Viana,MID,Fv,H,4,Alga,2,1359
S161_Viana_FvH5,S,16,1,Viana,MID,Fv,H,5,Alga,2,1360
S161_Viana_FvH6,S,16,1,Viana,MID,Fv,H,6,Alga,2,1361
S161_Viana_FvR1,S,16,1,Viana,MID,Fv,R,1,Alga,1,1362
S161_Viana_FvR2,S,16,1,Viana,MID,Fv,R,2,Alga,1,1363
S161_Viana_FvR3,S,16,1,Viana,MID,Fv,R,3,Alga,1,1364
S161_Viana_FvR5,S,16,1,Viana,MID,Fv,R,5,Alga,2,1365
S161_Viana_FvV1,S,16,1,Viana,MID,Fv,V,1,Alga,1,1366
S161_Viana_FvV2,S,16,1,Viana,MID,Fv,V,2,Alga,1,1367
S161_Viana_FvV3,S,16,1,Viana,MID,Fv,V,3,Alga,1,1368
S161_Viana_FvV4,S,16,1,Viana,MID,Fv,V,4,Alga,2,1369
S161_Viana_FvV5,S,16,1,Viana,MID,Fv,V,5,Alga,2,1370
S161_Viana_FvV6,S,16,1,Viana,MID,Fv,V,6,Alga,2,1371
S162_Viana_FvH1,S,16,2,Viana,MID,Fv,H,1,Alga,1,1621
S162_Viana_FvH2,S,16,2,Viana,MID,Fv,H,2,Alga,1,1622
S162_Viana_FvH3,S,16,2,Viana,MID,Fv,H,3,Alga,1,1623
S162_Viana_FvH4,S,16,2,Viana,MID,Fv,H,4,Alga,2,1624
S162_Viana_FvH5,S,16,2,Viana,MID,Fv,H,5,Alga,2,1625
S162_Viana_FvH6,S,16,2,Viana,MID,Fv,H,6,Alga,2,1626
S162_Viana_FvR2,S,16,2,Viana,MID,Fv,R,2,Alga,1,1627
S162_Viana_FvV1,S,16,2,Viana,MID,Fv,V,1,Alga,1,1628
S162_Viana_FvV2,S,16,2,Viana,MID,Fv,V,2,Alga,1,1629
S162_Viana_FvV3,S,16,2,Viana,MID,Fv,V,3,Alga,1,1630
S162_Viana_FvV4,S,16,2,Viana,MID,Fv,V,4,Alga,2,1631
S162_Viana_FvV5,S,16,2,Viana,MID,Fv,V,5,Alga,2,1632
S162_Viana_FvV6,S,16,2,Viana,MID,Fv,V,6,Alga,2,1633
S151_Viana_RockA,S,15,1,Viana,MID,Rock,Rock,1,Rock,1,687
S151_Viana_RockB,S,15,1,Viana,MID,Rock,Rock,1,Rock,2,688
S152_Viana_RockA,S,15,2,Viana,MID,Rock,Rock,1,Rock,1,1057
S152_Viana_RockB,S,15,2,Viana,MID,Rock,Rock,1,Rock,2,1058
S151_WH_TrA_0_2mic,S,15,1,WH,MID,filter,filter,1,0.2filter,1,708
S151_WH_TrB_0_2mic,S,15,1,WH,MID,filter,filter,1,0.2filter,2,709
S152_WH_TrA_0_2mic,S,15,2,WH,MID,filter,filter,1,0.2mic,1,1075
S152_WH_TrB_0_2mic,S,15,2,WH,MID,filter,filter,1,0.2mic,2,1076
S151_WH_FvH1,S,15,1,WH,MID,Fv,H,1,Alga,1,689
S151_WH_FvH2,S,15,1,WH,MID,Fv,H,2,Alga,1,690
S151_WH_FvH3,S,15,1,WH,MID,Fv,H,3,Alga,1,691
S151_WH_FvH4,S,15,1,WH,MID,Fv,H,4,Alga,2,692
S151_WH_FvH5,S,15,1,WH,MID,Fv,H,5,Alga,2,693
S151_WH_FvH6,S,15,1,WH,MID,Fv,H,6,Alga,2,694
S151_WH_FvR1,S,15,1,WH,MID,Fv,R,1,Alga,1,695
S151_WH_FvR2,S,15,1,WH,MID,Fv,R,2,Alga,1,696
S151_WH_FvR4,S,15,1,WH,MID,Fv,R,4,Alga,2,697
S151_WH_FvR5,S,15,1,WH,MID,Fv,R,5,Alga,2,698
S151_WH_FvR6,S,15,1,WH,MID,Fv,R,6,Alga,2,699
S151_WH_FvV1,S,15,1,WH,MID,Fv,V,1,Alga,1,700
S151_WH_FvV2,S,15,1,WH,MID,Fv,V,2,Alga,1,701
S151_WH_FvV3,S,15,1,WH,MID,Fv,V,3,Alga,1,702
S151_WH_FvV4,S,15,1,WH,MID,Fv,V,4,Alga,2,703
S151_WH_FvV5,S,15,1,WH,MID,Fv,V,5,Alga,2,704
S151_WH_FvV6,S,15,1,WH,MID,Fv,V,6,Alga,2,705
S152_WH_FvH1,S,15,2,WH,MID,Fv,H,1,Alga,1,1059
S152_WH_FvH2,S,15,2,WH,MID,Fv,H,2,Alga,1,1060
S152_WH_FvH3,S,15,2,WH,MID,Fv,H,3,Alga,1,1061
S152_WH_FvH4,S,15,2,WH,MID,Fv,H,4,Alga,2,1062
S152_WH_FvH5,S,15,2,WH,MID,Fv,H,5,Alga,2,1063
S152_WH_FvH6,S,15,2,WH,MID,Fv,H,6,Alga,2,1064
S152_WH_FvR1,S,15,2,WH,MID,Fv,R,1,Alga,1,1065
S152_WH_FvR2,S,15,2,WH,MID,Fv,R,2,Alga,1,1066
S152_WH_FvR3,S,15,2,WH,MID,Fv,R,3,Alga,1,1067
S152_WH_FvV1,S,15,2,WH,MID,Fv,V,1,Alga,1,1068
S152_WH_FvV2,S,15,2,WH,MID,Fv,V,2,Alga,1,1069
S152_WH_FvV4,S,15,2,WH,MID,Fv,V,4,Alga,2,1070
S152_WH_FvV5,S,15,2,WH,MID,Fv,V,5,Alga,2,1071
S152_WH_FvV6,S,15,2,WH,MID,Fv,V,6,Alga,2,1072
S151_WH_RockA,S,15,1,WH,MID,Rock,Rock,1,Rock,1,706
S151_WH_RockB,S,15,1,WH,MID,Rock,Rock,1,Rock,2,707
S152_WH_RockA,S,15,2,WH,MID,Rock,Rock,1,Rock,1,1073
S152_WH_RockB,S,15,2,WH,MID,Rock,Rock,1,Rock,2,1074
